refnr,start_date,end_date
10000-1182317246-S,2026-10-09,
10000-1186782024-S,2026-10-09,
10000-1186782650-S,2026-10-09,
10000-1194069742-S,2026-10-09,
10000-1195865934-S,2026-10-09,
10000-1196029540-S,2026-10-09,
10000-1196825367-S,2026-10-09,
10000-1196840463-S,2026-10-09,
10000-1197447260-S,2026-10-09,
10000-1197737589-S,2026-10-09,
10000-1197737753-S,2026-10-09,
10000-1197948016-S,2026-10-09,
10000-1198007379-S,2026-10-09,
10000-1198162480-S,2026-10-09,
10000-1198264843-S,2026-10-09,
10000-1198305014-S,2026-10-09,
10000-1198429990-S,2026-10-09,
10000-1198648324-S,2026-10-09,
10000-1198788185-S,2026-10-09,
10000-1198935660-S,2026-10-09,
10000-1199102046-S,2026-10-09,
10000-1199172370-S,2026-10-09,
10000-1199612187-S,2026-10-09,
10000-1200561501-S,2026-10-09,
10000-1200569005-S,2026-10-09,
10000-1200569087-S,2026-10-09,
10000-1200569691-S,2026-10-09,
10000-1200691018-S,2026-10-09,
10000-1200824389-S,2026-10-09,
10000-1201025870-S,2026-10-09,
10000-1201062723-S,2026-10-09,
10000-1201431637-S,2026-10-09,
10000-1201639737-S,2026-10-09,
10000-1202031107-S,2026-10-09,
10000-1202095613-S,2026-10-09,
10000-1202139128-S,2026-10-09,
10000-1202181887-S,2026-10-09,
10000-1202285019-S,2026-10-09,
10000-1202714784-S,2026-10-09,
10000-1202746328-S,2026-10-09,
10000-1202767221-S,2026-10-09,
10000-1202785811-S,2026-10-09,
10000-1202872107-S,2026-10-09,
10000-1202912034-S,2026-10-09,
10000-1203055639-S,2026-10-09,
10000-1203064948-S,2026-10-09,
10000-1203066087-S,2026-10-09,
10000-1203068958-S,2026-10-09,
10000-1203103519-S,2026-10-09,
10000-1203141633-S,2026-10-09,
10000-1203239990-S,2026-10-09,
10000-1203392339-S,2026-10-09,
10000-1203397019-S,2026-10-09,
10000-1203428117-S,2026-10-09,
10000-1203470390-S,2026-10-09,
10000-1203493468-S,2026-10-09,
10000-1203501028-S,2026-10-09,
10000-1203501356-S,2026-10-09,
10000-1203539272-S,2026-10-09,
10000-1203637415-S,2026-10-09,
10000-1203637866-S,2026-10-09,
10000-1203946261-S,2026-10-09,
10000-1203946302-S,2026-10-09,
10000-1203948519-S,2026-10-09,
10000-1203968464-S,2026-10-09,
10000-1204208432-S,2026-10-09,
10000-1204230163-S,2026-10-09,
10000-1204277060-S,2026-10-09,
10000-1204366863-S,2026-10-09,
10000-1204392292-S,2026-10-09,
10000-1204416592-S,2026-10-09,
10000-1204566492-S,2026-10-09,
10000-1204863670-S,2026-10-09,
10000-1204930251-S,2026-10-09,
10000-1204955577-S,2026-10-09,
10000-1205021866-S,2026-10-09,
10000-1205022274-S,2026-10-09,
10000-1205105689-S,2026-10-09,
10000-1205117237-S,2026-10-09,
10000-1205221428-S,2026-10-09,
10000-1205268780-S,2026-10-09,
10000-1205307357-S,2026-10-09,
10000-1205434026-S,2026-10-09,
10000-1205485365-S,2026-10-09,
10000-1205495710-S,2026-10-09,
10000-1205813492-S,2026-10-09,
10000-1205848887-S,2026-10-09,
10000-1205880616-S,2026-10-09,
10000-1206010811-S,2026-10-09,
10000-1206013258-S,2026-10-09,
10000-1206054252-S,2026-10-09,
10000-1206075104-S,2026-10-09,
10000-1206097715-S,2026-10-09,
10000-1206181810-S,2026-10-09,
10000-1206185136-S,2026-10-09,
10000-1206188723-S,2026-10-09,
10000-1206203765-S,2026-10-09,
10000-1206203858-S,2026-10-09,
10000-1206206726-S,2026-10-09,
10000-1206214887-S,2026-10-09,
10000-1206215849-S,2026-10-09,
10000-1206218209-S,2026-10-09,
10000-1206218229-S,2026-10-09,
10000-1206218252-S,2026-10-09,
10000-1206233520-S,2026-10-09,
10000-1206254796-S,2026-10-09,
10000-1206254867-S,2026-10-09,
10000-1206261338-S,2026-10-09,
10000-1206266538-S,2026-10-09,
10000-1206288917-S,2026-10-09,
10000-1206291865-S,2026-10-09,
10000-1206298123-S,2026-10-09,
10000-1206323855-S,2026-10-09,
10000-1206324103-S,2026-10-09,
10000-1206345755-S,2026-10-09,
10000-1206424526-S,2026-10-09,
10000-1206438679-S,2026-10-09,
10000-1206449892-S,2026-10-09,
10000-1206458447-S,2026-10-09,
10000-1206460752-S,2026-10-09,
10000-1206477757-S,2026-10-09,
10000-1206477912-S,2026-10-09,
10000-1206478125-S,2026-10-09,
10000-1206479095-S,2026-10-09,
10000-1206481696-S,2026-10-09,
10000-1206485733-S,2026-10-09,
10000-1206489091-S,2026-10-09,
10000-1206511051-S,2026-10-09,
10000-1206533947-S,2026-10-09,
10000-1206535096-S,2026-10-09,
10000-1206535267-S,2026-10-09,
10000-1206535568-S,2026-10-09,
10000-1206539090-S,2026-10-09,
10000-1206542461-S,2026-10-09,
10000-1206556330-S,2026-10-09,
10000-1206572244-S,2026-10-09,
10000-1206579557-S,2026-10-09,
10000-1206600582-S,2026-10-09,
10000-1206615769-S,2026-10-09,
10000-1206615794-S,2026-10-09,
10000-1206618607-S,2026-10-09,
10000-1206643230-S,2026-10-09,
10000-1206644786-S,2026-10-09,
10000-1206653331-S,2026-10-09,
10000-1206653347-S,2026-10-09,
10000-1206653376-S,2026-10-09,
10000-1206660505-S,2026-10-09,
10000-1206660583-S,2026-10-09,
10000-1206660605-S,2026-10-09,
10000-1206660753-S,2026-10-09,
10000-1206665341-S,2026-10-09,
10000-1206665368-S,2026-10-09,
10000-1206665639-S,2026-10-09,
10000-1206665656-S,2026-10-09,
10000-1206686437-S,2026-10-09,
10000-1206706096-S,2026-10-09,
10000-1206706230-S,2026-10-09,
10000-1206706269-S,2026-10-09,
10000-1206706324-S,2026-10-09,
10000-1206746560-S,2026-10-09,
10000-1206747029-S,2026-10-09,
10000-1206874320-S,2026-10-09,
10000-1206880292-S,2026-10-09,
10000-1206898450-S,2026-10-09,
10000-1206911687-S,2026-10-09,
10000-1206911845-S,2026-10-09,
10000-1206917682-S,2026-10-09,
10000-1206923066-S,2026-10-09,
10000-1206948521-S,2026-10-09,
10000-1207002965-S,2026-10-09,
10000-1207018794-S,2026-10-09,
10000-1207044219-S,2026-10-09,
10000-1207069491-S,2026-10-09,
10000-1207101817-S,2026-10-09,
10000-1207120112-S,2026-10-09,
10000-1207124952-S,2026-10-09,
10000-1207137229-S,2026-10-09,
10000-1207137394-S,2026-10-09,
10000-1207141115-S,2026-10-09,
10000-1207158044-S,2026-10-09,
10000-1207196843-S,2026-10-09,
10000-1207217726-S,2026-10-09,
10000-1207240790-S,2026-10-09,
10000-1207247380-S,2026-10-09,
10000-1207266674-S,2026-10-09,
10000-1207269248-S,2026-10-09,
10000-1207293377-S,2026-10-09,
10000-1207305180-S,2026-10-09,
10000-1207312172-S,2026-10-09,
10000-1207316327-S,2026-10-09,
10000-1207316851-S,2026-10-09,
10000-1207334853-S,2026-10-09,
10000-1207335209-S,2026-10-09,
10000-1207343571-S,2026-10-09,
10000-1207344318-S,2026-10-09,
10000-1207350521-S,2026-10-09,
10000-1207358033-S,2026-10-09,
10000-1207358337-S,2026-10-09,
10000-1207383311-S,2026-10-09,
10000-1207383359-S,2026-10-09,
10000-1207400089-S,2026-10-09,
10000-1207400204-S,2026-10-09,
10000-1207436632-S,2026-10-09,
10000-1207441142-S,2026-10-09,
10000-1207452154-S,2026-10-09,
10000-1207481658-S,2026-10-09,
10000-1207515760-S,2026-10-09,
10000-1207525263-S,2026-10-09,
10000-1207526886-S,2026-10-09,
10000-1207542648-S,2026-10-09,
10000-1207558956-S,2026-10-09,
10000-1207560098-S,2026-10-09,
10000-1207561436-S,2026-10-09,
10000-1207562564-S,2026-10-09,
10000-1207562584-S,2026-10-09,
10000-1207573928-S,2026-10-09,
10000-1207576736-S,2026-10-09,
10000-1207596106-S,2026-10-09,
10000-1207611544-S,2026-10-09,
10000-1207624635-S,2026-10-09,
10000-1207624671-S,2026-10-09,
10000-1207630884-S,2026-10-09,
10000-1207632342-S,2026-10-09,
10000-1207646382-S,2026-10-09,
10000-1207651114-S,2026-10-09,
10000-1207660367-S,2026-10-09,
10000-1207661063-S,2026-10-09,
10000-1207667349-S,2026-10-09,
10000-1207677416-S,2026-10-09,
10000-1207679529-S,2026-10-09,
10000-1207679640-S,2026-10-09,
10000-1207714062-S,2026-10-09,
10000-1207729187-S,2026-10-09,
10000-1207746562-S,2026-10-09,
10000-1207747076-S,2026-10-09,
10000-1207759181-S,2026-10-09,
10000-1207777791-S,2026-10-09,
10000-1207797803-S,2026-10-09,
10000-1207797883-S,2026-10-09,
10000-1207800638-S,2026-10-09,
10000-1207821123-S,2026-10-09,
10000-1207826186-S,2026-10-09,
10000-1207826306-S,2026-10-09,
10000-1207832616-S,2026-10-09,
10000-1207833304-S,2026-10-09,2026-10-09
10000-1207851107-S,2026-10-09,
10000-1207852812-S,2026-10-09,
10000-1207853173-S,2026-10-09,
10000-1207859098-S,2026-10-09,
10000-1207867506-S,2026-10-09,
10000-1207869298-S,2026-10-09,
10000-1207869416-S,2026-10-09,
10000-1207869462-S,2026-10-09,
10000-1207886099-S,2026-10-09,
10000-1207904006-S,2026-10-09,
10000-1207909569-S,2026-10-09,
10000-1207915887-S,2026-10-09,
10000-1207928471-S,2026-10-09,
10000-1207930486-S,2026-10-09,
10000-1207937826-S,2026-10-09,
10000-1207953702-S,2026-10-09,
10000-1207954353-S,2026-10-09,
10000-1207965798-S,2026-10-09,
10000-1207987833-S,2026-10-09,
10000-1208007020-S,2026-10-09,
10000-1208013299-S,2026-10-09,
10000-1208024968-S,2026-10-09,
10000-1208033272-S,2026-10-09,
10000-1208052714-S,2026-10-09,
10000-1208053731-S,2026-10-09,
10000-1208057010-S,2026-10-09,
10000-1208079931-S,2026-10-09,
10000-1208093680-S,2026-10-09,
10000-1208099598-S,2026-10-09,
10000-1208100496-S,2026-10-09,
10000-1208119191-S,2026-10-09,
10000-1208126935-S,2026-10-09,
10000-1208138119-S,2026-10-09,
10000-1208152710-S,2026-10-09,
10000-1208159209-S,2026-10-09,
10000-1208164414-S,2026-10-09,
10000-1208181732-S,2026-10-09,
10000-1208191168-S,2026-10-09,
10000-1208191990-S,2026-10-09,
10000-1208196220-S,2026-10-09,
10000-1208206168-S,2026-10-09,
10000-1208208685-S,2026-10-09,
10000-1208222528-S,2026-10-09,
10000-1208222845-S,2026-10-09,
10000-1208228533-S,2026-10-09,
10000-1208233155-S,2026-10-09,
10000-1208235663-S,2026-10-09,
10000-1208236818-S,2026-10-09,
10001-1000002494-S,2026-10-09,
10001-1000007482-S,2026-10-09,
10001-1000051552-S,2026-10-09,
10001-1000062981-S,2026-10-09,
10001-1000068050-S,2026-10-09,
10001-1000088447-S,2026-10-09,
10001-1000089449-S,2026-10-09,
10001-1000119144-S,2026-10-09,
10001-1000171263-S,2026-10-09,
10001-1000189487-S,2026-10-09,
10001-1000193142-S,2026-10-09,
10001-1000200241-S,2026-10-09,
10001-1000202496-S,2026-10-09,
10001-1000215192-S,2026-10-09,
10001-1000236167-S,2026-10-09,
10001-1000236223-S,2026-10-09,
10001-1000245041-S,2026-10-09,
10001-1000245723-S,2026-10-09,
10001-1000266509-S,2026-10-09,
10001-1000281263-S,2026-10-09,
10001-1000283522-S,2026-10-09,
10001-1000284787-S,2026-10-09,
10001-1000300498-S,2026-10-09,
10001-1000317661-S,2026-10-09,
10001-1000317833-S,2026-10-09,
10001-1000319006-S,2026-10-09,
10001-1000327669-S,2026-10-09,
10001-1000331270-S,2026-10-09,
10001-1000367536-S,2026-10-09,
10001-1000373614-S,2026-10-09,
10001-1000377587-S,2026-10-09,
10001-1000377716-S,2026-10-09,
10001-1000407361-S,2026-10-09,
10001-1000410884-S,2026-10-09,
10001-1000419805-S,2026-10-09,
10001-1000469939-S,2026-10-09,
10001-1000476956-S,2026-10-09,
10001-1000481616-S,2026-10-09,
10001-1000507373-S,2026-10-09,
10001-1000514506-S,2026-10-09,
10001-1000517344-S,2026-10-09,
10001-1000530187-S,2026-10-09,
10001-1000531789-S,2026-10-09,
10001-1000531996-S,2026-10-09,
10001-1000535870-S,2026-10-09,
10001-1000537074-S,2026-10-09,
10001-1000540268-S,2026-10-09,
10001-1000540276-S,2026-10-09,
10001-1000540346-S,2026-10-09,
10001-1000581603-S,2026-10-09,
10001-1000597897-S,2026-10-09,
10001-1000601326-S,2026-10-09,
10001-1000655028-S,2026-10-09,
10001-1000676515-S,2026-10-09,
10001-1000676561-S,2026-10-09,
10001-1000762150-S,2026-10-09,
10001-1000762294-S,2026-10-09,
10001-1000783581-S,2026-10-09,
10001-1000783589-S,2026-10-09,
10001-1000805277-S,2026-10-09,
10001-1000807751-S,2026-10-09,
10001-1000825183-S,2026-10-09,
10001-1000835468-S,2026-10-09,
10001-1000852779-S,2026-10-09,
10001-1000869569-S,2026-10-09,
10001-1000890453-S,2026-10-09,
10001-1000899112-S,2026-10-09,
10001-1000928609-S,2026-10-09,
10001-1000930580-S,2026-10-09,2026-10-09
10001-1000930759-S,2026-10-09,2026-10-09
10001-1000930790-S,2026-10-09,2026-10-09
10001-1000930816-S,2026-10-09,2026-10-09
10001-1000954757-S,2026-10-09,
10001-1000957087-S,2026-10-09,
10001-1000966807-S,2026-10-09,
10001-1000970437-S,2026-10-09,
10001-1000976534-S,2026-10-09,
10001-1000984360-S,2026-10-09,
10001-1001016003-S,2026-10-09,
10001-1001017220-S,2026-10-09,
10001-1001017249-S,2026-10-09,
10001-1001038529-S,2026-10-09,
10001-1001066719-S,2026-10-09,
10001-1001068186-S,2026-10-09,
10001-1001077099-S,2026-10-09,
10001-1001079241-S,2026-10-09,
10001-1001082855-S,2026-10-09,
10001-1001087121-S,2026-10-09,
10001-1001097576-S,2026-10-09,
10001-1001103521-S,2026-10-09,
10001-1001109154-S,2026-10-09,
10001-1001111979-S,2026-10-09,
10001-1001115155-S,2026-10-09,
10001-1001115203-S,2026-10-09,
10001-1001123728-S,2026-10-09,
10001-1001132184-S,2026-10-09,
10001-1001144512-S,2026-10-09,
10001-1001151453-S,2026-10-09,
10001-1001160950-S,2026-10-09,
10001-1001164174-S,2026-10-09,
10001-1001164201-S,2026-10-09,
10001-1001177602-S,2026-10-09,
10001-1001177826-S,2026-10-09,
10001-1001190696-S,2026-10-09,
10001-1001203840-S,2026-10-09,
10001-1001212922-S,2026-10-09,
10001-1001212934-S,2026-10-09,
10001-1001212940-S,2026-10-09,
10001-1001212947-S,2026-10-09,
10001-1001229366-S,2026-10-09,
10001-1001233421-S,2026-10-09,
10001-1001242836-S,2026-10-09,
10001-1001249624-S,2026-10-09,
10001-1001249635-S,2026-10-09,
10001-1001251181-S,2026-10-09,
10001-1001252070-S,2026-10-09,
10001-1001258244-S,2026-10-09,
10001-1001261206-S,2026-10-09,
10001-1001266412-S,2026-10-09,
10001-1001274044-S,2026-10-09,
10001-1001276088-S,2026-10-09,
10001-1001286723-S,2026-10-09,
10001-1001286921-S,2026-10-09,
10001-1001286936-S,2026-10-09,
10001-1001300343-S,2026-10-09,
10001-1001310189-S,2026-10-09,
10001-1001314883-S,2026-10-09,
10001-1001331838-S,2026-10-09,
10001-1001331868-S,2026-10-09,
10001-1001331880-S,2026-10-09,
10001-1001336425-S,2026-10-09,
10001-1001336789-S,2026-10-09,
10001-1001337174-S,2026-10-09,
10001-1001338087-S,2026-10-09,
10001-1001342832-S,2026-10-09,
10001-1001345509-S,2026-10-09,
10001-1001355054-S,2026-10-09,
10001-1001356639-S,2026-10-09,
10001-1001395800-S,2026-10-09,
10001-1001401359-S,2026-10-09,
10001-1001416037-S,2026-10-09,
10001-1001421635-S,2026-10-09,
10001-1001421874-S,2026-10-09,
10001-1001421953-S,2026-10-09,
10001-1001429419-S,2026-10-09,
10001-1001437236-S,2026-10-09,
10001-1001448554-S,2026-10-09,
10001-1001465819-S,2026-10-09,
10001-1001468052-S,2026-10-09,
10001-1001468053-S,2026-10-09,
10001-1001468054-S,2026-10-09,
10001-1001472424-S,2026-10-09,
10001-1001478065-S,2026-10-09,
10001-1001479857-S,2026-10-09,
10001-1001486902-S,2026-10-09,
10001-1001488035-S,2026-10-09,
10001-1001492650-S,2026-10-09,
10001-1001492730-S,2026-10-09,
10001-1001515659-S,2026-10-09,
10001-1001524446-S,2026-10-09,
10001-1001545691-S,2026-10-09,
10001-1001587549-S,2026-10-09,
10001-1001587551-S,2026-10-09,
10001-1001621071-S,2026-10-09,
10001-1001621091-S,2026-10-09,
10001-1001621172-S,2026-10-09,
10001-1001630527-S,2026-10-09,
10001-1001630530-S,2026-10-09,
10001-1001630531-S,2026-10-09,
10001-1001636135-S,2026-10-09,
10001-1001642018-S,2026-10-09,
10001-1001650790-S,2026-10-09,
10001-1001661021-S,2026-10-09,
10001-1001673551-S,2026-10-09,
10001-1001673986-S,2026-10-09,
10001-1001677404-S,2026-10-09,
10001-1001684269-S,2026-10-09,
10001-1001695892-S,2026-10-09,
10001-1001712936-S,2026-10-09,
10001-1001713331-S,2026-10-09,
10001-1001714730-S,2026-10-09,
10001-1001730735-S,2026-10-09,
10001-1001732523-S,2026-10-09,
10001-1001734774-S,2026-10-09,
10001-1001779017-S,2026-10-09,
10001-1001791036-S,2026-10-09,
10001-1001791112-S,2026-10-09,
10001-1001791138-S,2026-10-09,
10001-1001791205-S,2026-10-09,
10001-1001797005-S,2026-10-09,
10001-1001808528-S,2026-10-09,
10001-1001821530-S,2026-10-09,
10001-1001839908-S,2026-10-09,
10001-1001872485-S,2026-10-09,
10001-1001885089-S,2026-10-09,
10001-1001907896-S,2026-10-09,
10001-1001909085-S,2026-10-09,
10001-1001916728-S,2026-10-09,
10001-1001924083-S,2026-10-09,
10001-1001926995-S,2026-10-09,
10001-1001938604-S,2026-10-09,
10001-1001938800-S,2026-10-09,
10001-1001938878-S,2026-10-09,
10001-1001946522-S,2026-10-09,
10001-1001950634-S,2026-10-09,
10001-1001967899-S,2026-10-09,
10001-1001978182-S,2026-10-09,
10001-1001984087-S,2026-10-09,
10001-1001996323-S,2026-10-09,
10001-1002004758-S,2026-10-09,
10001-1002008394-S,2026-10-09,
10001-1002019623-S,2026-10-09,
10001-1002033772-S,2026-10-09,
10001-1002039290-S,2026-10-09,
10001-1002049518-S,2026-10-09,
10001-1002054845-S,2026-10-09,
10001-1002076450-S,2026-10-09,
10001-1002076663-S,2026-10-09,
10001-1002086491-S,2026-10-09,
10001-1002099123-S,2026-10-09,
10001-1002102839-S,2026-10-09,
10001-1002104305-S,2026-10-09,
10001-1002106898-S,2026-10-09,
10001-1002107207-S,2026-10-09,
10001-1002113066-S,2026-10-09,
10001-1002133519-S,2026-10-09,
10001-1002144539-S,2026-10-09,
10001-1002158859-S,2026-10-09,
10001-1002174826-S,2026-10-09,
10001-1002175788-S,2026-10-09,
10001-1002198616-S,2026-10-09,
10001-1002202486-S,2026-10-09,
10001-1002204147-S,2026-10-09,
10001-1002218520-S,2026-10-09,
10001-1002221745-S,2026-10-09,
10001-1002243247-S,2026-10-09,
10001-1002246775-S,2026-10-09,
10001-1002247477-S,2026-10-09,
10001-1002256330-S,2026-10-09,
10001-1002262620-S,2026-10-09,
10001-1002290951-S,2026-10-09,
10001-1002297557-S,2026-10-09,
10001-1002300298-S,2026-10-09,
10001-1002310049-S,2026-10-09,
10001-1002333168-S,2026-10-09,
10001-1002365111-S,2026-10-09,
10001-1002368984-S,2026-10-09,
10001-1002372255-S,2026-10-09,
10001-1002402082-S,2026-10-09,
10001-1002412990-S,2026-10-09,
10001-1002414094-S,2026-10-09,
10001-1002422000-S,2026-10-09,
10001-1002422981-S,2026-10-09,
10001-1002423862-S,2026-10-09,
10001-1002425985-S,2026-10-09,
10001-1002427662-S,2026-10-09,
10001-1002427709-S,2026-10-09,
10001-1002433834-S,2026-10-09,
10001-1002457696-S,2026-10-09,
10001-1002472950-S,2026-10-09,
10001-1002474347-S,2026-10-09,
10001-1002478767-S,2026-10-09,
10001-1002490551-S,2026-10-09,
10001-1002505643-S,2026-10-09,
10001-1002514712-S,2026-10-09,
10001-1002522210-S,2026-10-09,
10001-1002522520-S,2026-10-09,
10001-1002530952-S,2026-10-09,
10001-1002531030-S,2026-10-09,
10001-1002535498-S,2026-10-09,
10001-1002537454-S,2026-10-09,
10001-1002540176-S,2026-10-09,
10001-1002546037-S,2026-10-09,
10001-1002555062-S,2026-10-09,
10001-1002561002-S,2026-10-09,
10001-1002561895-S,2026-10-09,
10001-1002564336-S,2026-10-09,
10001-1002572857-S,2026-10-09,
10001-1002574740-S,2026-10-09,
10001-1002575452-S,2026-10-09,
10001-1002575515-S,2026-10-09,
10001-1002583398-S,2026-10-09,
10001-1002598251-S,2026-10-09,
10001-1002601491-S,2026-10-09,
10001-1002605357-S,2026-10-09,
10001-1002605361-S,2026-10-09,
10001-1002605364-S,2026-10-09,
10001-1002605629-S,2026-10-09,
10001-1002607037-S,2026-10-09,
10001-1002607066-S,2026-10-09,
10001-1002611376-S,2026-10-09,
10001-1002630030-S,2026-10-09,
10001-1002632657-S,2026-10-09,
10001-1002634885-S,2026-10-09,
10001-1002637632-S,2026-10-09,
10001-1002639274-S,2026-10-09,
10001-1002645212-S,2026-10-09,
10001-1002657075-S,2026-10-09,
10001-1002668014-S,2026-10-09,
10001-1002668019-S,2026-10-09,
10001-1002686148-S,2026-10-09,
10001-1002686797-S,2026-10-09,
10001-1002698074-S,2026-10-09,
10001-1002698201-S,2026-10-09,
10001-1002701534-S,2026-10-09,
10001-1002706101-S,2026-10-09,
10001-1002710329-S,2026-10-09,
10001-1002710907-S,2026-10-09,
10001-1002713131-S,2026-10-09,
10001-1002721562-S,2026-10-09,
10001-1002724989-S,2026-10-09,
10001-1002726609-S,2026-10-09,
10001-1002741310-S,2026-10-09,
10001-1002746270-S,2026-10-09,
10001-1002749028-S,2026-10-09,
10001-1002756514-S,2026-10-09,
10001-1002759449-S,2026-10-09,
10001-1002770987-S,2026-10-09,
10001-1002778647-S,2026-10-09,
10001-1002779245-S,2026-10-09,
10001-1002780252-S,2026-10-09,
10001-1002791393-S,2026-10-09,
10001-1002811830-S,2026-10-09,
10001-1002811914-S,2026-10-09,
10001-1002812153-S,2026-10-09,
10001-1002812289-S,2026-10-09,
10001-1002815796-S,2026-10-09,
10001-1002818549-S,2026-10-09,
10001-1002823490-S,2026-10-09,
10001-1002829002-S,2026-10-09,
10001-1002832753-S,2026-10-09,
10001-1002841129-S,2026-10-09,
10001-1002841572-S,2026-10-09,
10001-1002841781-S,2026-10-09,
10001-1002842229-S,2026-10-09,
10001-1002857114-S,2026-10-09,
10001-1002863144-S,2026-10-09,
10001-1002864469-S,2026-10-09,
10001-1002864857-S,2026-10-09,
10001-1002868682-S,2026-10-09,
10001-1002872812-S,2026-10-09,
10001-1002874123-S,2026-10-09,
10001-1002875757-S,2026-10-09,
10001-1002878699-S,2026-10-09,
10001-1002883130-S,2026-10-09,
10001-1002888035-S,2026-10-09,
10001-1002888599-S,2026-10-09,
10001-1002896014-S,2026-10-09,
10001-1002896040-S,2026-10-09,
10001-1002898915-S,2026-10-09,
10001-1002901384-S,2026-10-09,
10001-1002907993-S,2026-10-09,
10001-1002908897-S,2026-10-09,
10001-1002909278-S,2026-10-09,
10001-1002909411-S,2026-10-09,
10001-1002915663-S,2026-10-09,
10001-1002916386-S,2026-10-09,
10001-1002919181-S,2026-10-09,
10001-1002922849-S,2026-10-09,
10001-1002923601-S,2026-10-09,
10001-1002923637-S,2026-10-09,
10001-1002923743-S,2026-10-09,
10001-1002927593-S,2026-10-09,
10001-1002930458-S,2026-10-09,
10001-1002931675-S,2026-10-09,
10001-1002937215-S,2026-10-09,
10001-1002937689-S,2026-10-09,
10001-1002938850-S,2026-10-09,
10001-1002941306-S,2026-10-09,
10001-1002941655-S,2026-10-09,
10001-1002942895-S,2026-10-09,
10001-1002946752-S,2026-10-09,
10001-1002959354-S,2026-10-09,
10001-1002967059-S,2026-10-09,
10001-1002970419-S,2026-10-09,
10001-1002975561-S,2026-10-09,
10001-1002980097-S,2026-10-09,
10001-1002980435-S,2026-10-09,
10001-1002983486-S,2026-10-09,
10001-1002983774-S,2026-10-09,
10001-1002986231-S,2026-10-09,
10001-1002986243-S,2026-10-09,
10001-1002990060-S,2026-10-09,
10001-1002991238-S,2026-10-09,
10001-1002993832-S,2026-10-09,
10001-1002994085-S,2026-10-09,
10001-1002996944-S,2026-10-09,
10001-1003003863-S,2026-10-09,
10001-1003004766-S,2026-10-09,
10001-1003005438-S,2026-10-09,
10001-1003011068-S,2026-10-09,
10001-1003017434-S,2026-10-09,
10001-1003017948-S,2026-10-09,
10001-1003019656-S,2026-10-09,
10001-1003020244-S,2026-10-09,
10001-1003022713-S,2026-10-09,
10001-1003022780-S,2026-10-09,
10001-1003023984-S,2026-10-09,
10001-1003027264-S,2026-10-09,
10001-1003031146-S,2026-10-09,
10001-1003048582-S,2026-10-09,
10001-1003049347-S,2026-10-09,
10001-1003054048-S,2026-10-09,
10001-1003054357-S,2026-10-09,
10001-1003057521-S,2026-10-09,
10001-1003062828-S,2026-10-09,
10001-1003067465-S,2026-10-09,
10001-1003072038-S,2026-10-09,
10001-1003074509-S,2026-10-09,
10001-1003075906-S,2026-10-09,
10001-1003075908-S,2026-10-09,
10001-1003075914-S,2026-10-09,
10001-1003090842-S,2026-10-09,
10001-1003090990-S,2026-10-09,
10001-1003091133-S,2026-10-09,
10001-1003094257-S,2026-10-09,
10001-1003096461-S,2026-10-09,
10001-1003100499-S,2026-10-09,
10001-1003101283-S,2026-10-09,
10001-1003104538-S,2026-10-09,
10001-1003107693-S,2026-10-09,
10001-1003112593-S,2026-10-09,
10001-1003112888-S,2026-10-09,
10001-1003114919-S,2026-10-09,
10001-1003115047-S,2026-10-09,
10001-1003116744-S,2026-10-09,
10001-1003125371-S,2026-10-09,
10001-1003125400-S,2026-10-09,
10001-1003125422-S,2026-10-09,
10001-1003150819-S,2026-10-09,
10001-1003156348-S,2026-10-09,
10001-1003162862-S,2026-10-09,
10001-1003164376-S,2026-10-09,
10001-1003165545-S,2026-10-09,
10001-1003166970-S,2026-10-09,
10001-1003167163-S,2026-10-09,
10001-1003167248-S,2026-10-09,
10001-1003167482-S,2026-10-09,
10001-1003167615-S,2026-10-09,
10001-1003180455-S,2026-10-09,
10001-1003180515-S,2026-10-09,
10001-1003183339-S,2026-10-09,
10001-1003188749-S,2026-10-09,
10001-1003188833-S,2026-10-09,
10001-1003188876-S,2026-10-09,
10001-1003189257-S,2026-10-09,
10001-1003191924-S,2026-10-09,
10001-1003192515-S,2026-10-09,
10001-1003192693-S,2026-10-09,
10001-1003199696-S,2026-10-09,
10001-1003205027-S,2026-10-09,
10001-1003206029-S,2026-10-09,
10001-1003207208-S,2026-10-09,
10001-1003207969-S,2026-10-09,
10001-1003208446-S,2026-10-09,
10001-1003210741-S,2026-10-09,
10001-1003219110-S,2026-10-09,
10001-1003223168-S,2026-10-09,
10001-1003225864-S,2026-10-09,
10001-1003228009-S,2026-10-09,
10001-1003228469-S,2026-10-09,
10001-1003229871-S,2026-10-09,
10001-1003231634-S,2026-10-09,
10001-1003237044-S,2026-10-09,
10001-1003237091-S,2026-10-09,
10001-1003239084-S,2026-10-09,
10001-1003240400-S,2026-10-09,
10001-1003240419-S,2026-10-09,
10001-1003240439-S,2026-10-09,
10001-1003240694-S,2026-10-09,
10001-1003242246-S,2026-10-09,
10001-1003242352-S,2026-10-09,
10001-1003248437-S,2026-10-09,
10001-1003249912-S,2026-10-09,
10001-1003250379-S,2026-10-09,
10001-1003254109-S,2026-10-09,
10001-1003254168-S,2026-10-09,
10001-1003254271-S,2026-10-09,
10001-1003262547-S,2026-10-09,
10001-1003276255-S,2026-10-09,
10001-1003276441-S,2026-10-09,
10001-1003277669-S,2026-10-09,
10001-1003278216-S,2026-10-09,
10001-1003280214-S,2026-10-09,
10001-1003280376-S,2026-10-09,
10001-1003282043-S,2026-10-09,
10001-1003286232-S,2026-10-09,
10001-1003292523-S,2026-10-09,
10001-1003293240-S,2026-10-09,
10001-1003293538-S,2026-10-09,
10001-1003294652-S,2026-10-09,
10001-1003297270-S,2026-10-09,
10001-1003298099-S,2026-10-09,
10001-1003298290-S,2026-10-09,
10001-1003303778-S,2026-10-09,
10001-1003305314-S,2026-10-09,
10001-1003305550-S,2026-10-09,
10001-1003305685-S,2026-10-09,
10001-1003308636-S,2026-10-09,
10001-1003309405-S,2026-10-09,
10001-1003310409-S,2026-10-09,
10001-1003310468-S,2026-10-09,
10001-1003311039-S,2026-10-09,
10001-1003313035-S,2026-10-09,
10001-1003315864-S,2026-10-09,
10001-1003316434-S,2026-10-09,
10001-1003320579-S,2026-10-09,
10001-1003320657-S,2026-10-09,
10001-1003321184-S,2026-10-09,
10001-1003324122-S,2026-10-09,
10001-1003329656-S,2026-10-09,
10001-1003331588-S,2026-10-09,
10001-1003333347-S,2026-10-09,
10001-1003333946-S,2026-10-09,
10001-1003334557-S,2026-10-09,
10001-1003336258-S,2026-10-09,
10001-1003336931-S,2026-10-09,
10001-1003337048-S,2026-10-09,
10001-1003340195-S,2026-10-09,
10001-1003340692-S,2026-10-09,
10001-1003346166-S,2026-10-09,
10001-1003346294-S,2026-10-09,
10001-1003347627-S,2026-10-09,
10001-1003347719-S,2026-10-09,
10001-1003348822-S,2026-10-09,
10001-1003349513-S,2026-10-09,
10001-1003351143-S,2026-10-09,
10001-1003352753-S,2026-10-09,
10001-1003353693-S,2026-10-09,
10001-1003353789-S,2026-10-09,
10001-1003356181-S,2026-10-09,
10001-1003363804-S,2026-10-09,
10001-1003371942-S,2026-10-09,
10001-1003374257-S,2026-10-09,
10001-1003376948-S,2026-10-09,
10001-1003377559-S,2026-10-09,
10001-1003377605-S,2026-10-09,
10001-1003377991-S,2026-10-09,
10001-1003378330-S,2026-10-09,
10001-1003380027-S,2026-10-09,
10001-1003380097-S,2026-10-09,
10001-1003380865-S,2026-10-09,
10001-1003382817-S,2026-10-09,
10001-1003383235-S,2026-10-09,
10001-1003384796-S,2026-10-09,
10001-1003384931-S,2026-10-09,
10001-1003386666-S,2026-10-09,
10001-1003387628-S,2026-10-09,
10001-1003388082-S,2026-10-09,
10001-1003389162-S,2026-10-09,
10001-1003390465-S,2026-10-09,
10001-1003393362-S,2026-10-09,
10001-1003396308-S,2026-10-09,
10001-1003396995-S,2026-10-09,
10001-1003398175-S,2026-10-09,
10001-1003399096-S,2026-10-09,
10001-1003399838-S,2026-10-09,
10001-1003404701-S,2026-10-09,
10001-1003406605-S,2026-10-09,
10001-1003408342-S,2026-10-09,
10001-1003409751-S,2026-10-09,
10001-1003409913-S,2026-10-09,
10001-1003411729-S,2026-10-09,
10001-1003413190-S,2026-10-09,
10001-1003416521-S,2026-10-09,
10001-1003418356-S,2026-10-09,
10001-1003418645-S,2026-10-09,
10001-1003418955-S,2026-10-09,
10001-1003420833-S,2026-10-09,
10001-1003423646-S,2026-10-09,
10001-1003423786-S,2026-10-09,
10001-1003426256-S,2026-10-09,
10001-1003426381-S,2026-10-09,
10001-1003427439-S,2026-10-09,
10001-1003428132-S,2026-10-09,
10001-1003428678-S,2026-10-09,
10001-1003429149-S,2026-10-09,
10001-1003429157-S,2026-10-09,
10001-1003429460-S,2026-10-09,
10001-1003431658-S,2026-10-09,
10001-1003431935-S,2026-10-09,
10001-1003432498-S,2026-10-09,
10001-1003433283-S,2026-10-09,
10001-1003434557-S,2026-10-09,
10001-1003438180-S,2026-10-09,
10001-1003438276-S,2026-10-09,
10001-1003438675-S,2026-10-09,
10001-1003440877-S,2026-10-09,
10001-1003444157-S,2026-10-09,
10001-1003445841-S,2026-10-09,
10001-1003445952-S,2026-10-09,
10001-1003446730-S,2026-10-09,
10001-1003447038-S,2026-10-09,
10001-1003448405-S,2026-10-09,
10001-1003448733-S,2026-10-09,
10001-1003449525-S,2026-10-09,
10001-1003451274-S,2026-10-09,
10001-1003453658-S,2026-10-09,
10001-1003454335-S,2026-10-09,
10001-1003454397-S,2026-10-09,
10001-1003454670-S,2026-10-09,
10001-1003454984-S,2026-10-09,
10001-1003455204-S,2026-10-09,
10001-1003456004-S,2026-10-09,
10001-1003456582-S,2026-10-09,
10001-1003456793-S,2026-10-09,
10001-1003457802-S,2026-10-09,
10001-1003459371-S,2026-10-09,
10001-1003462225-S,2026-10-09,
10001-1003467843-S,2026-10-09,
10001-1003467890-S,2026-10-09,
10001-1003470281-S,2026-10-09,
10001-1003470909-S,2026-10-09,
10001-1003471883-S,2026-10-09,
10001-1003471945-S,2026-10-09,
10001-1003474893-S,2026-10-09,
10001-1003476433-S,2026-10-09,
10001-1003476693-S,2026-10-09,
10001-1003479151-S,2026-10-09,
10001-1003479685-S,2026-10-09,
10001-1003481306-S,2026-10-09,
10001-1003481774-S,2026-10-09,
10001-1003483759-S,2026-10-09,
10001-1003484692-S,2026-10-09,
10001-1003484792-S,2026-10-09,
10001-1003484964-S,2026-10-09,
10001-1003485251-S,2026-10-09,
10001-1003488416-S,2026-10-09,
10001-1003488602-S,2026-10-09,
10001-1003490703-S,2026-10-09,
10001-1003490722-S,2026-10-09,
10001-1003490754-S,2026-10-09,
10001-1003490952-S,2026-10-09,
10001-1003491279-S,2026-10-09,
10001-1003491961-S,2026-10-09,
10001-1003492105-S,2026-10-09,
10001-1003492148-S,2026-10-09,
10001-1003492192-S,2026-10-09,
10001-1003492336-S,2026-10-09,
10001-1003493654-S,2026-10-09,
10001-1003493835-S,2026-10-09,
10001-1003493868-S,2026-10-09,
10001-1003495939-S,2026-10-09,
10001-1003498822-S,2026-10-09,
10001-1003502109-S,2026-10-09,
10001-1003507203-S,2026-10-09,
10001-1003507325-S,2026-10-09,
10001-1003508476-S,2026-10-09,
10001-1003509021-S,2026-10-09,
10001-1003509101-S,2026-10-09,
10001-1003509198-S,2026-10-09,
10001-1003511260-S,2026-10-09,
10001-1003511383-S,2026-10-09,
10001-1003513572-S,2026-10-09,
10001-1003514456-S,2026-10-09,
10001-1003515201-S,2026-10-09,
10001-1003516118-S,2026-10-09,
10001-1003516152-S,2026-10-09,
10001-1003516205-S,2026-10-09,
10001-1003516422-S,2026-10-09,
10001-1003516621-S,2026-10-09,
10001-1003517294-S,2026-10-09,
10001-1003517770-S,2026-10-09,2026-10-09
10001-1003518882-S,2026-10-09,
10001-1003518924-S,2026-10-09,
10001-1003518962-S,2026-10-09,
10001-1003519742-S,2026-10-09,
10001-1003521069-S,2026-10-09,
10001-1003523149-S,2026-10-09,
10001-1003524416-S,2026-10-09,
10001-1003528301-S,2026-10-09,
10001-1003529097-S,2026-10-09,
10001-1003529392-S,2026-10-09,
10001-1003530006-S,2026-10-09,
10001-1003531557-S,2026-10-09,
10001-1003532015-S,2026-10-09,
10001-1003534880-S,2026-10-09,
10001-1003535948-S,2026-10-09,
10001-1003537737-S,2026-10-09,
10001-1003538030-S,2026-10-09,
10001-1003538877-S,2026-10-09,
10001-1003539045-S,2026-10-09,
10001-1003539298-S,2026-10-09,
10001-1003540597-S,2026-10-09,
10001-1003540893-S,2026-10-09,
10001-1003541397-S,2026-10-09,
10001-1003541406-S,2026-10-09,
10001-1003545241-S,2026-10-09,
10001-1003546277-S,2026-10-09,
10001-1003546503-S,2026-10-09,
10001-1003546580-S,2026-10-09,
10001-1003546641-S,2026-10-09,
10001-1003546664-S,2026-10-09,
10001-1003547710-S,2026-10-09,
10001-1003547999-S,2026-10-09,
10001-1003549244-S,2026-10-09,
10001-1003551375-S,2026-10-09,
10001-1003551789-S,2026-10-09,
10001-1003556191-S,2026-10-09,
10001-1003556920-S,2026-10-09,
10001-1003557305-S,2026-10-09,
10001-1003560407-S,2026-10-09,
10001-1003561929-S,2026-10-09,
10001-1003562051-S,2026-10-09,
10001-1003562840-S,2026-10-09,
10001-1003564615-S,2026-10-09,
10001-1003565099-S,2026-10-09,
10001-1003565610-S,2026-10-09,
10001-1003565942-S,2026-10-09,
10001-1003566112-S,2026-10-09,
10001-1003566355-S,2026-10-09,
10001-1003566976-S,2026-10-09,
10001-1003568026-S,2026-10-09,
10001-1003568189-S,2026-10-09,
10001-1003568868-S,2026-10-09,
10001-1003569115-S,2026-10-09,
10001-1003569136-S,2026-10-09,
10001-1003570510-S,2026-10-09,
10001-1003570517-S,2026-10-09,
10001-1003570518-S,2026-10-09,
10001-1003570693-S,2026-10-09,
10001-1003570698-S,2026-10-09,
10001-1003571125-S,2026-10-09,
10001-1003571384-S,2026-10-09,
10001-1003571574-S,2026-10-09,
10001-1003572284-S,2026-10-09,
10001-1003572372-S,2026-10-09,
10001-1003573595-S,2026-10-09,
10001-1003574428-S,2026-10-09,
10001-1003575313-S,2026-10-09,
10001-1003575602-S,2026-10-09,
10001-1003576523-S,2026-10-09,
10001-1003576584-S,2026-10-09,
10001-1003576798-S,2026-10-09,
10001-1003577626-S,2026-10-09,
10001-1003578335-S,2026-10-09,
10001-1003578349-S,2026-10-09,
10001-1003578926-S,2026-10-09,
10001-1003581387-S,2026-10-09,
10001-1003584305-S,2026-10-09,
10001-1003584786-S,2026-10-09,
10001-1003586668-S,2026-10-09,
10001-1003587037-S,2026-10-09,
10001-1003587593-S,2026-10-09,
10001-1003588341-S,2026-10-09,
10001-1003588437-S,2026-10-09,
10001-1003589956-S,2026-10-09,
10001-1003593250-S,2026-10-09,
10001-1003594255-S,2026-10-09,
10001-1003594863-S,2026-10-09,
10001-1003595554-S,2026-10-09,
10001-1003595936-S,2026-10-09,
10001-1003596713-S,2026-10-09,
10001-1003597421-S,2026-10-09,
10001-1003597453-S,2026-10-09,
10001-1003597498-S,2026-10-09,
10001-1003599759-S,2026-10-09,
10001-1003602336-S,2026-10-09,
10001-1003602360-S,2026-10-09,
10001-1003602469-S,2026-10-09,
10001-1003602682-S,2026-10-09,
10001-1003603462-S,2026-10-09,
10001-1003603596-S,2026-10-09,
10001-1003607946-S,2026-10-09,
10001-1003608322-S,2026-10-09,
10001-1003608838-S,2026-10-09,
10001-1003608875-S,2026-10-09,
10001-1003608921-S,2026-10-09,
10001-1003610121-S,2026-10-09,
10001-1003610697-S,2026-10-09,
10001-1003611989-S,2026-10-09,
10001-1003613770-S,2026-10-09,
10001-1003614061-S,2026-10-09,
10001-1003615827-S,2026-10-09,
10001-1003616687-S,2026-10-09,
10001-1003618302-S,2026-10-09,
10001-1003618307-S,2026-10-09,
10001-1003618533-S,2026-10-09,
10001-1003618863-S,2026-10-09,
10001-1003618955-S,2026-10-09,
10001-1003619033-S,2026-10-09,
10001-1003619056-S,2026-10-09,
10001-1003621246-S,2026-10-09,
10001-1003622299-S,2026-10-09,
10001-1003622301-S,2026-10-09,
10001-1003622304-S,2026-10-09,
10001-1003623346-S,2026-10-09,
10001-1003625340-S,2026-10-09,
10001-1003627110-S,2026-10-09,
10001-1003627593-S,2026-10-09,
10001-1003628301-S,2026-10-09,
10001-1003628317-S,2026-10-09,
10001-1003628609-S,2026-10-09,
10001-1003630616-S,2026-10-09,
10001-1003631609-S,2026-10-09,
10001-1003632102-S,2026-10-09,
10001-1003635082-S,2026-10-09,
10001-1003635140-S,2026-10-09,
10001-1003636187-S,2026-10-09,
10001-1003636224-S,2026-10-09,
10001-1003636272-S,2026-10-09,
10001-1003636636-S,2026-10-09,
10001-1003637002-S,2026-10-09,
10001-1003637286-S,2026-10-09,
10001-1003637761-S,2026-10-09,
10001-1003640026-S,2026-10-09,
10001-1003640047-S,2026-10-09,
10001-1003640252-S,2026-10-09,
10001-1003640322-S,2026-10-09,
10001-1003640516-S,2026-10-09,
10001-1003640584-S,2026-10-09,
10001-1003640596-S,2026-10-09,
10001-1003641497-S,2026-10-09,
10001-1003641598-S,2026-10-09,
10001-1003642739-S,2026-10-09,
10001-1003642766-S,2026-10-09,
10001-1003643724-S,2026-10-09,
10001-1003644012-S,2026-10-09,
10001-1003644450-S,2026-10-09,
10001-1003646316-S,2026-10-09,
10001-1003646375-S,2026-10-09,
10001-1003646748-S,2026-10-09,
10001-1003646879-S,2026-10-09,
10001-1003647357-S,2026-10-09,
10001-1003647556-S,2026-10-09,
10001-1003647792-S,2026-10-09,
10001-1003647881-S,2026-10-09,
10001-1003647902-S,2026-10-09,
10001-1003648338-S,2026-10-09,
10001-1003648922-S,2026-10-09,
10001-1003649746-S,2026-10-09,
10001-1003649773-S,2026-10-09,
10001-1003650217-S,2026-10-09,
10001-1003651173-S,2026-10-09,
10001-1003651713-S,2026-10-09,
10001-1003651717-S,2026-10-09,
10001-1003655290-S,2026-10-09,
10001-1003655828-S,2026-10-09,
10001-1003655897-S,2026-10-09,
10001-1003656088-S,2026-10-09,
10001-1003656188-S,2026-10-09,
10001-1003656246-S,2026-10-09,
10001-1003656710-S,2026-10-09,
10001-1003658345-S,2026-10-09,
10001-1003658479-S,2026-10-09,
10001-1003658825-S,2026-10-09,
10001-1003659177-S,2026-10-09,
10001-1003660657-S,2026-10-09,
10001-1003664495-S,2026-10-09,
10001-1003665688-S,2026-10-09,
10001-1003665794-S,2026-10-09,
10001-1003667321-S,2026-10-09,
10001-1003667723-S,2026-10-09,
10001-1003667889-S,2026-10-09,
10001-1003668034-S,2026-10-09,
10001-1003668889-S,2026-10-09,
10001-1003669049-S,2026-10-09,
10001-1003669227-S,2026-10-09,
10001-1003669254-S,2026-10-09,
10001-1003669464-S,2026-10-09,
10001-1003669853-S,2026-10-09,
10001-1003670408-S,2026-10-09,
10001-1003671133-S,2026-10-09,
10001-1003671685-S,2026-10-09,
10001-1003672443-S,2026-10-09,
10001-1003672556-S,2026-10-09,
10001-1003673156-S,2026-10-09,
10001-1003673171-S,2026-10-09,
10001-1003673572-S,2026-10-09,
10001-1003676084-S,2026-10-09,
10001-1003676425-S,2026-10-09,2026-10-09
10001-1003676488-S,2026-10-09,2026-10-09
10001-1003676496-S,2026-10-09,2026-10-09
10001-1003676506-S,2026-10-09,2026-10-09
10001-1003676518-S,2026-10-09,2026-10-09
10001-1003676925-S,2026-10-09,
10001-1003677408-S,2026-10-09,
10001-1003678075-S,2026-10-09,
10001-1003678598-S,2026-10-09,
10001-1003679270-S,2026-10-09,2026-10-09
10001-1003679374-S,2026-10-09,
10001-1003679502-S,2026-10-09,
10001-1003680301-S,2026-10-09,
10001-1003680586-S,2026-10-09,
10001-1003683553-S,2026-10-09,
10001-1003685770-S,2026-10-09,
10001-1003685930-S,2026-10-09,
10001-1003686423-S,2026-10-09,
10001-1003686612-S,2026-10-09,
10001-1003687140-S,2026-10-09,
10001-1003688500-S,2026-10-09,
10001-1003689123-S,2026-10-09,
10001-1003692280-S,2026-10-09,
10001-1003692890-S,2026-10-09,
10001-1003694760-S,2026-10-09,
10001-1003695946-S,2026-10-09,
10001-1003696058-S,2026-10-09,
10001-1003696389-S,2026-10-09,
10001-1003697549-S,2026-10-09,
10001-1003697615-S,2026-10-09,
10001-1003698621-S,2026-10-09,
10001-1003699617-S,2026-10-09,
10001-1003699881-S,2026-10-09,
10001-1003699925-S,2026-10-09,
10001-1003700071-S,2026-10-09,
10001-1003701629-S,2026-10-09,
10001-1003702128-S,2026-10-09,
10001-1003703388-S,2026-10-09,
10001-1003703937-S,2026-10-09,
10001-1003705471-S,2026-10-09,
10001-1003705660-S,2026-10-09,
10001-1003707815-S,2026-10-09,
10001-1003707901-S,2026-10-09,
10001-1003709329-S,2026-10-09,
10001-1003710391-S,2026-10-09,
10001-1003711154-S,2026-10-09,
10001-1003711752-S,2026-10-09,
10001-1003711982-S,2026-10-09,
10001-1003712662-S,2026-10-09,
10001-1003712818-S,2026-10-09,
10001-1003713734-S,2026-10-09,2026-10-09
10001-1003713984-S,2026-10-09,
10001-1003715917-S,2026-10-09,
10001-1003716966-S,2026-10-09,
10001-1003717067-S,2026-10-09,
10001-1003718251-S,2026-10-09,
10001-1003718268-S,2026-10-09,
10001-1003718271-S,2026-10-09,
10001-1003718274-S,2026-10-09,
10001-1003718819-S,2026-10-09,
10001-1003718823-S,2026-10-09,
10001-1003719446-S,2026-10-09,
10001-1003719697-S,2026-10-09,
10001-1003719834-S,2026-10-09,
10001-1003720420-S,2026-10-09,
10001-1003720645-S,2026-10-09,
10001-1003722073-S,2026-10-09,
10001-1003722467-S,2026-10-09,
10001-1003722734-S,2026-10-09,
10001-1003723021-S,2026-10-09,
10001-1003723206-S,2026-10-09,
10001-1003723836-S,2026-10-09,
10001-1003725134-S,2026-10-09,
10001-1003727188-S,2026-10-09,
10001-1003728903-S,2026-10-09,
10001-1003729458-S,2026-10-09,
10001-1003730087-S,2026-10-09,
10001-1003730477-S,2026-10-09,
10001-1003730999-S,2026-10-09,
10001-1003731287-S,2026-10-09,
10001-1003731655-S,2026-10-09,
10001-1003732270-S,2026-10-09,
10001-1003732307-S,2026-10-09,
10001-1003732829-S,2026-10-09,
10001-1003733299-S,2026-10-09,
10001-1003733301-S,2026-10-09,
10001-1003733612-S,2026-10-09,
10001-1003734339-S,2026-10-09,
10001-1003734953-S,2026-10-09,
10001-1003735990-S,2026-10-09,
10001-1003736897-S,2026-10-09,
10001-1003737121-S,2026-10-09,
10001-1003737818-S,2026-10-09,
10001-1003738183-S,2026-10-09,
10001-1003738347-S,2026-10-09,
10001-1003741497-S,2026-10-09,
10001-1003741591-S,2026-10-09,
10001-1003742024-S,2026-10-09,
10001-1003742233-S,2026-10-09,
10001-1003742338-S,2026-10-09,
10001-1003742572-S,2026-10-09,
10001-1003742716-S,2026-10-09,
10001-1003742757-S,2026-10-09,
10001-1003743353-S,2026-10-09,
10001-1003743833-S,2026-10-09,
10001-1003744080-S,2026-10-09,
10001-1003744202-S,2026-10-09,
10001-1003745048-S,2026-10-09,
10001-1003746426-S,2026-10-09,
10001-1003747297-S,2026-10-09,
10001-1003747311-S,2026-10-09,
10001-1003747506-S,2026-10-09,
10001-1003747665-S,2026-10-09,
10001-1003747669-S,2026-10-09,
10001-1003748399-S,2026-10-09,
10001-1003748579-S,2026-10-09,
10001-1003748873-S,2026-10-09,
10001-1003748939-S,2026-10-09,
10001-1003749203-S,2026-10-09,
10001-1003749411-S,2026-10-09,
10001-1003750537-S,2026-10-09,
10001-1003751394-S,2026-10-09,
10001-1003752542-S,2026-10-09,
10001-1003752578-S,2026-10-09,
10001-1003752849-S,2026-10-09,
10001-1003753418-S,2026-10-09,
10001-1003753506-S,2026-10-09,
10001-1003754190-S,2026-10-09,
10001-1003754597-S,2026-10-09,
10001-1003754684-S,2026-10-09,
10001-1003755004-S,2026-10-09,
10001-1003755217-S,2026-10-09,
10001-1003755482-S,2026-10-09,
10001-1003755789-S,2026-10-09,
10001-1003756383-S,2026-10-09,
10001-1003758851-S,2026-10-09,
10001-1003759428-S,2026-10-09,
10001-1003760593-S,2026-10-09,
10001-1003760927-S,2026-10-09,
10001-1003762225-S,2026-10-09,
10001-1003762543-S,2026-10-09,
10001-1003763081-S,2026-10-09,
10001-1003763206-S,2026-10-09,
10001-1003763646-S,2026-10-09,
10001-1003764300-S,2026-10-09,
10001-1003764693-S,2026-10-09,
10001-1003765053-S,2026-10-09,
10001-1003765301-S,2026-10-09,
10001-1003765432-S,2026-10-09,
10001-1003765437-S,2026-10-09,
10001-1003765472-S,2026-10-09,
10001-1003765767-S,2026-10-09,
10001-1003766153-S,2026-10-09,
10001-1003766737-S,2026-10-09,
10001-1003768353-S,2026-10-09,
10001-1003768355-S,2026-10-09,
10001-1003768357-S,2026-10-09,
10001-1003768359-S,2026-10-09,
10001-1003768361-S,2026-10-09,
10001-1003770581-S,2026-10-09,
10001-1003770793-S,2026-10-09,
10001-1003770906-S,2026-10-09,
10001-1003771273-S,2026-10-09,
10001-1003771992-S,2026-10-09,
10001-1003772188-S,2026-10-09,
10001-1003772646-S,2026-10-09,
10001-1003773774-S,2026-10-09,
10001-1003775057-S,2026-10-09,
10001-1003775385-S,2026-10-09,
10001-1003775430-S,2026-10-09,
10001-1003775481-S,2026-10-09,
10001-1003775484-S,2026-10-09,
10001-1003775734-S,2026-10-09,
10001-1003776478-S,2026-10-09,
10001-1003776861-S,2026-10-09,
10001-1003777188-S,2026-10-09,
10001-1003777392-S,2026-10-09,
10001-1003777567-S,2026-10-09,
10001-1003777797-S,2026-10-09,
10001-1003778175-S,2026-10-09,
10001-1003778274-S,2026-10-09,
10001-1003779346-S,2026-10-09,
10001-1003779567-S,2026-10-09,
10001-1003779726-S,2026-10-09,
10001-1003779842-S,2026-10-09,
10001-1003779905-S,2026-10-09,
10001-1003780279-S,2026-10-09,
10001-1003780711-S,2026-10-09,
10001-1003780882-S,2026-10-09,
10001-1003780997-S,2026-10-09,
10001-1003781150-S,2026-10-09,
10001-1003781238-S,2026-10-09,
10001-1003781518-S,2026-10-09,
10001-1003781989-S,2026-10-09,
10001-1003781993-S,2026-10-09,
10001-1003782126-S,2026-10-09,
10001-1003782637-S,2026-10-09,
10001-1003782938-S,2026-10-09,
10001-1003783064-S,2026-10-09,
10001-1003783349-S,2026-10-09,
10001-1003783416-S,2026-10-09,
10001-1003784241-S,2026-10-09,
10001-1003784540-S,2026-10-09,
10001-1003784745-S,2026-10-09,
10001-1003785808-S,2026-10-09,
10001-1003785957-S,2026-10-09,
10001-1003786028-S,2026-10-09,
10001-1003786492-S,2026-10-09,
10001-1003786755-S,2026-10-09,
10001-1003787091-S,2026-10-09,
10001-1003787683-S,2026-10-09,
10001-1003787778-S,2026-10-09,
10001-1003787888-S,2026-10-09,
10001-1003788629-S,2026-10-09,
10001-1003788631-S,2026-10-09,
10001-1003789442-S,2026-10-09,
10001-1003789751-S,2026-10-09,
10001-1003790393-S,2026-10-09,
10001-1003790567-S,2026-10-09,
10001-1003790574-S,2026-10-09,
10001-1003790665-S,2026-10-09,
10001-1003790721-S,2026-10-09,
10001-1003790772-S,2026-10-09,
10001-1003791926-S,2026-10-09,
10001-1003792435-S,2026-10-09,
10001-1003792940-S,2026-10-09,
10001-1003793457-S,2026-10-09,
10001-1003793960-S,2026-10-09,
10001-1003794103-S,2026-10-09,
10001-1003794347-S,2026-10-09,
10001-1003794492-S,2026-10-09,
10001-1003794506-S,2026-10-09,
10001-1003794666-S,2026-10-09,
10001-1003795181-S,2026-10-09,
10001-1003795257-S,2026-10-09,
10001-1003795427-S,2026-10-09,
10001-1003795528-S,2026-10-09,
10001-1003795856-S,2026-10-09,
10001-1003796415-S,2026-10-09,
10001-1003797588-S,2026-10-09,
10001-1003799196-S,2026-10-09,
10001-1003799365-S,2026-10-09,
10001-1003799600-S,2026-10-09,
10001-1003800278-S,2026-10-09,
10001-1003800304-S,2026-10-09,
10001-1003801361-S,2026-10-09,
10001-1003801418-S,2026-10-09,
10001-1003801931-S,2026-10-09,
10001-1003802289-S,2026-10-09,
10001-1003802373-S,2026-10-09,
10001-1003802446-S,2026-10-09,
10001-1003803125-S,2026-10-09,
10001-1003803583-S,2026-10-09,
10001-1003803900-S,2026-10-09,
10001-1003804053-S,2026-10-09,
10001-1003804432-S,2026-10-09,
10001-1003804942-S,2026-10-09,
10001-1003805636-S,2026-10-09,
10001-1003806402-S,2026-10-09,
10001-1003806520-S,2026-10-09,
10001-1003806531-S,2026-10-09,
10001-1003806930-S,2026-10-09,
10001-1003807105-S,2026-10-09,
10001-1003807169-S,2026-10-09,
10001-1003808034-S,2026-10-09,
10001-1003808331-S,2026-10-09,
10001-1003808691-S,2026-10-09,
10001-1003808839-S,2026-10-09,
10001-1003809295-S,2026-10-09,
10001-1003809336-S,2026-10-09,
10001-1003809646-S,2026-10-09,
10001-1003809883-S,2026-10-09,
10001-1003810814-S,2026-10-09,
10001-1003810881-S,2026-10-09,
10001-1003811295-S,2026-10-09,
10001-1003811317-S,2026-10-09,
10001-1003811377-S,2026-10-09,
10001-1003811482-S,2026-10-09,
10001-1003812176-S,2026-10-09,
10001-1003812463-S,2026-10-09,
10001-1003812726-S,2026-10-09,
10001-1003812873-S,2026-10-09,
10001-1003812952-S,2026-10-09,
10001-1003812969-S,2026-10-09,
10001-1003814117-S,2026-10-09,
10001-1003814509-S,2026-10-09,
10001-1003814966-S,2026-10-09,
10001-1003815953-S,2026-10-09,
10001-1003816197-S,2026-10-09,
10001-1003816229-S,2026-10-09,
10001-1003816404-S,2026-10-09,
10001-1003816918-S,2026-10-09,
10001-1003816987-S,2026-10-09,
10001-1003817785-S,2026-10-09,
10001-1003818101-S,2026-10-09,
10001-1003818323-S,2026-10-09,
10001-1003818573-S,2026-10-09,
10001-1003819307-S,2026-10-09,
10001-1003819853-S,2026-10-09,
10001-1003820371-S,2026-10-09,
10001-1003820546-S,2026-10-09,
10001-1003820966-S,2026-10-09,
10001-1003821016-S,2026-10-09,
10001-1003821018-S,2026-10-09,
10001-1003821183-S,2026-10-09,
10001-1003821874-S,2026-10-09,
10001-1003822314-S,2026-10-09,
10001-1003822470-S,2026-10-09,
10001-1003823472-S,2026-10-09,
10001-1003823976-S,2026-10-09,
10001-1003825213-S,2026-10-09,
10001-1003825475-S,2026-10-09,
10001-1003825668-S,2026-10-09,
10001-1003825824-S,2026-10-09,
10001-1003825919-S,2026-10-09,
10001-1003826999-S,2026-10-09,
10001-1003827611-S,2026-10-09,
10001-1003827941-S,2026-10-09,
10001-1003828064-S,2026-10-09,
10001-1003829445-S,2026-10-09,
10001-1003829472-S,2026-10-09,
10001-1003829586-S,2026-10-09,
10001-1003829590-S,2026-10-09,
10001-1003830103-S,2026-10-09,
10001-1003830316-S,2026-10-09,
10001-1003830440-S,2026-10-09,
10001-1003830487-S,2026-10-09,
10001-1003830602-S,2026-10-09,
10001-1003831341-S,2026-10-09,
10001-1003831426-S,2026-10-09,
10001-1003831954-S,2026-10-09,
10001-1003832090-S,2026-10-09,
10001-1003832140-S,2026-10-09,
10001-1003832291-S,2026-10-09,
10001-1003832310-S,2026-10-09,
10001-1003833489-S,2026-10-09,
10001-1003833583-S,2026-10-09,
10001-1003833813-S,2026-10-09,
10001-1003834175-S,2026-10-09,
10001-1003834325-S,2026-10-09,
10001-1003834516-S,2026-10-09,
10001-1003835193-S,2026-10-09,
10001-1003835616-S,2026-10-09,
10001-1003835674-S,2026-10-09,
10001-1003835687-S,2026-10-09,
10001-1003835696-S,2026-10-09,
10001-1003835713-S,2026-10-09,
10001-1003836070-S,2026-10-09,
10001-1003836993-S,2026-10-09,
11070-1019956-2-S,2026-10-09,
11070-1040805-3-S,2026-10-09,
11070-1066485-3-S,2026-10-09,
11070-1114903-1-S,2026-10-09,
11070-1262811-4-S,2026-10-09,
11070-1281480-2-S,2026-10-09,
11070-1338631-2-S,2026-10-09,
11070-1368022-2-S,2026-10-09,
11070-1370606-2-S,2026-10-09,
11070-1375017-2-S,2026-10-09,
11070-1388593-5-S,2026-10-09,
11070-1392859-3-S,2026-10-09,
11070-1396628-2-S,2026-10-09,
11070-1402156-4-S,2026-10-09,
11070-1403152-2-S,2026-10-09,
11070-1531149-2-S,2026-10-09,
11070-1535708-2-S,2026-10-09,
11070-1565511-1-S,2026-10-09,
11070-1586727-1-S,2026-10-09,
11070-1590771-1-S,2026-10-09,
11070-1592365-2-S,2026-10-09,
11070-1600432-1-S,2026-10-09,
11070-1601415-1-S,2026-10-09,
11070-1602590-2-S,2026-10-09,
11070-1603434-1-S,2026-10-09,
11070-1605344-1-S,2026-10-09,
11070-1608471-1-S,2026-10-09,
11070-1617812-1-S,2026-10-09,
11070-1617814-1-S,2026-10-09,
11070-1617817-1-S,2026-10-09,
11070-1618195-1-S,2026-10-09,
11070-1618700-1-S,2026-10-09,
11070-1622736-1-S,2026-10-09,
11070-1623685-1-S,2026-10-09,
11070-1630637-1-S,2026-10-09,
11070-1630638-1-S,2026-10-09,
11070-1631015-1-S,2026-10-09,
11070-1631020-1-S,2026-10-09,
11070-1631021-1-S,2026-10-09,
11070-1632411-1-S,2026-10-09,
11070-1632413-1-S,2026-10-09,
11070-1633352-1-S,2026-10-09,
11070-1633354-1-S,2026-10-09,
11070-1633358-1-S,2026-10-09,
11070-1633802-1-S,2026-10-09,
11070-1633803-1-S,2026-10-09,
11070-1634264-1-S,2026-10-09,
11070-1634268-1-S,2026-10-09,
11070-1634857-1-S,2026-10-09,
11070-1635340-1-S,2026-10-09,
11070-1635828-1-S,2026-10-09,
11070-1636226-1-S,2026-10-09,
11070-1636230-1-S,2026-10-09,
11070-1636231-1-S,2026-10-09,
11070-1637630-1-S,2026-10-09,
11070-1637631-1-S,2026-10-09,
11070-1638114-1-S,2026-10-09,
11070-1638633-1-S,2026-10-09,
11070-1640287-1-S,2026-10-09,
11070-1640289-1-S,2026-10-09,
11070-1640753-1-S,2026-10-09,
11070-1641194-1-S,2026-10-09,
11070-1641197-1-S,2026-10-09,
11070-1641198-1-S,2026-10-09,
11070-1641896-1-S,2026-10-09,
11112-13249-1779118-0-S,2026-10-09,
11112-13276-1779844-0-S,2026-10-09,
11112-13279-1780510-0-S,2026-10-09,
11112-13288-1782174-0-S,2026-10-09,
11112-13303-1785134-0-S,2026-10-09,
11112-13311-1785907-0-S,2026-10-09,
11112-13314-1787625-0-S,2026-10-09,
11112-13315-1787631-0-S,2026-10-09,
11112-13324-1788949-0-S,2026-10-09,
11112-13335-1791801-0-S,2026-10-09,
11112-13348-1796149-0-S,2026-10-09,
11112-13351-1796150-0-S,2026-10-09,
11112-13359-1797952-0-S,2026-10-09,
11119-4920361326-S,2026-10-09,
11119-4936743386-S,2026-10-09,
11119-4948934839-S,2026-10-09,
11858-15958144-STA-S,2026-10-09,
11858-SDE-114048-STA-S,2026-10-09,
11858-SDE-114049-STA-S,2026-10-09,
11858-SDE-115189-STA-S,2026-10-09,
11858-SDE-118585-STA-S,2026-10-09,
11858-SDE-119249-STA-S,2026-10-09,
11858-SDE-119561-STA-S,2026-10-09,
11858-SDE-119933-STA-S,2026-10-09,
11858-SDE-120136-STA-S,2026-10-09,
11858-SDE-120194-STA-S,2026-10-09,
11858-SDE-120299-STA-S,2026-10-09,
11858-SDE-120424-STA-S,2026-10-09,
11858-SDE-121733-STA-S,2026-10-09,
11858-SDE-122092-STA-S,2026-10-09,
11858-SDE-122153-STA-S,2026-10-09,
11858-SDE-123111-STA-S,2026-10-09,
11858-SDE-123387-STA-S,2026-10-09,
11858-SDE-123546-STA-S,2026-10-09,
11858-SDE-123673-STA-S,2026-10-09,
11858-SDE-125116-STA-S,2026-10-09,
11868-13887770-S,2026-10-09,
11937-34828_59219-1-S,2026-10-09,
11937-34830_59470-1-S,2026-10-09,
11937-34935_59360-1-S,2026-10-09,
11956-1234981790460001-S,2026-10-09,
11956-1235021790460001-S,2026-10-09,
11956-1600631790460001-S,2026-10-09,
11956-2342531790460001-S,2026-10-09,
11956-2465011790460001-S,2026-10-09,
11956-2664921790460001-S,2026-10-09,
11956-2769361790460001-S,2026-10-09,
11956-2771101790114400-S,2026-10-09,
11956-2917001772838001-S,2026-10-09,
11956-2940811790460001-S,2026-10-09,
11956-2964721790632801-S,2026-10-09,
11956-2985001790546401-S,2026-10-09,
11956-3007321786572001-S,2026-10-09,
11956-3022631790546401-S,2026-10-09,
11956-3040871790460001-S,2026-10-09,
11956-3050711790719201-S,2026-10-09,
11956-3051131789077601-S,2026-10-09,
11956-3051401791064801-S,2026-10-09,
11956-3054301791410401-S,2026-10-09,
11956-3057511790287201-S,2026-10-09,
11956-3066301789768800-S,2026-10-09,
11956-3066721791496801-S,2026-10-09,
11956-3066981790028000-S,2026-10-09,
11956-3069301790200800-S,2026-10-09,
11956-3069421790287200-S,2026-10-09,
11956-3070081790373600-S,2026-10-09,
11956-3073641790892000-S,2026-10-09,
11956-3075721791410400-S,2026-10-09,
11959-104505-S,2026-10-09,
11959-105510-S,2026-10-09,
11959-106156-S,2026-10-09,
11959-108166-S,2026-10-09,
11959-108169-S,2026-10-09,
11959-108402-S,2026-10-09,
11959-108480-S,2026-10-09,
11959-98390-S,2026-10-09,
11959-99193-S,2026-10-09,
11971-1001906718433688-S,2026-10-09,
11971-1001906718440914-S,2026-10-09,
11973-c-812540-S,2026-10-09,
12032-R62AF32E1-S,2026-10-09,
12032-R62AFA2E1-S,2026-10-09,
12117-YF-49456-YF-S,2026-10-09,
12117-YF-49482-YF-S,2026-10-09,
12117-YF-49630-YF-S,2026-10-09,
12117-YF-49717-YF-S,2026-10-09,
12117-YF-49930-YF-S,2026-10-09,
12117-YF-50409-YF-S,2026-10-09,
12117-YF-50424-YF-S,2026-10-09,
12117-YF-50446-YF-S,2026-10-09,
12117-YF-50528-YF-S,2026-10-09,
12117-YF-50559-YF-S,2026-10-09,
12117-YF-50755-YF-S,2026-10-09,
12117-YF-50795-YF-S,2026-10-09,
12117-YF-50802-YF-S,2026-10-09,
12117-YF-50803-YF-S,2026-10-09,
12117-YF-51183-YF-S,2026-10-09,
12117-YF-51194-YF-S,2026-10-09,
12117-YF-51252-YF-S,2026-10-09,
12117-YF-51253-YF-S,2026-10-09,
12117-YF-51257-YF-S,2026-10-09,
12117-YF-51378-YF-S,2026-10-09,
12117-YF-51379-YF-S,2026-10-09,
12117-YF-51445-YF-S,2026-10-09,
12117-YF-51460-YF-S,2026-10-09,
12117-YF-51676-YF-S,2026-10-09,
12117-YF-51885-YF-S,2026-10-09,
12117-YF-51926-YF-S,2026-10-09,
12117-YF-52151-YF-S,2026-10-09,
12117-YF-52219-YF-S,2026-10-09,
12117-YF-52234-YF-S,2026-10-09,
12117-YF-52388-YF-S,2026-10-09,
12117-YF-52429-YF-S,2026-10-09,
12263-507373_JB5163459-S,2026-10-09,
12265-181821_JB5247397-S,2026-10-09,
12265-267961_JB5268292-S,2026-10-09,
12265-268511_JB5268239-S,2026-10-09,
12265-272178_JB5257523-S,2026-10-09,
12265-300018_JB5264594-S,2026-10-09,
12265-312758_JB5247402-S,2026-10-09,
12265-338271_JB5265622-S,2026-10-09,
12265-476236_JB5250423-S,2026-10-09,
12265-492529_JB5253683-S,2026-10-09,
12265-497875_JB5249912-S,2026-10-09,
12265-513361_JB5265484-S,2026-10-09,
12265-515500_JB5215373-S,2026-10-09,
12265-515509_JB5256361-S,2026-10-09,
12265-517858_JB5252049-S,2026-10-09,
12265-518632_JB5257742-S,2026-10-09,
12265-519445_JB5264202-S,2026-10-09,
12265-519496_JB5264675-S,2026-10-09,
12265-520306_JB5248350-S,2026-10-09,
12265-520651_JB5249918-S,2026-10-09,
12280-2022-43515-0-S,2026-10-09,
12280-2022-43516-0-S,2026-10-09,
12280-2023-60290-16-S,2026-10-09,
12280-2024-60511-1-S,2026-10-09,
12280-2024-60926-1-S,2026-10-09,
12280-2024-64150-1-S,2026-10-09,
12280-2024-64451-1-S,2026-10-09,
12280-2024-68787-0-S,2026-10-09,
12280-2024-68788-0-S,2026-10-09,
12280-2024-68810-0-S,2026-10-09,
12280-2025-70495-0-S,2026-10-09,
12280-2025-71719-0-S,2026-10-09,
12280-2025-73215-0-S,2026-10-09,
12280-2025-73216-0-S,2026-10-09,
12280-2025-73288-0-S,2026-10-09,
12280-2025-73575-0-S,2026-10-09,
12280-2025-73996-0-S,2026-10-09,
12280-2025-74233-0-S,2026-10-09,
12280-2025-74239-0-S,2026-10-09,
12280-2026-75366-0-S,2026-10-09,
12280-2026-75370-0-S,2026-10-09,
12280-2026-75378-0-S,2026-10-09,
12280-2026-75536-0-S,2026-10-09,
12280-2026-75538-0-S,2026-10-09,
12280-2026-75539-0-S,2026-10-09,
12280-2026-75542-0-S,2026-10-09,
12280-2026-75544-0-S,2026-10-09,
12280-2026-75661-0-S,2026-10-09,
12280-2026-75900-0-S,2026-10-09,
12280-2026-76175-0-S,2026-10-09,
12280-2026-76185-0-S,2026-10-09,
12280-2026-76227-0-S,2026-10-09,
12280-2026-76234-0-S,2026-10-09,
12280-2026-76244-0-S,2026-10-09,
12280-2026-76252-0-S,2026-10-09,
12280-2026-76452-0-S,2026-10-09,
12280-2026-76453-0-S,2026-10-09,
12280-2026-76454-0-S,2026-10-09,
12280-2026-76455-0-S,2026-10-09,
12280-2026-76961-0-S,2026-10-09,
12280-2026-77344-0-S,2026-10-09,
12280-2026-77359-0-S,2026-10-09,
12280-2026-77375-0-S,2026-10-09,
12280-2026-77629-0-S,2026-10-09,
12280-2026-77749-0-S,2026-10-09,
12280-2026-78268-0-S,2026-10-09,
12280-2026-78295-0-S,2026-10-09,
12280-2026-78297-0-S,2026-10-09,
12280-2026-78298-0-S,2026-10-09,
12280-2026-78318-0-S,2026-10-09,
12280-2026-78505-0-S,2026-10-09,
12280-2026-78869-0-S,2026-10-09,
12280-2026-79234-0-S,2026-10-09,
12280-2026-79475-0-S,2026-10-09,
12287-JOB-691953-S,2026-10-09,
12287-JOB-854116-S,2026-10-09,
12287-JOB-860349-S,2026-10-09,
12287-JOB-861243-S,2026-10-09,
12287-JOB-861289-S,2026-10-09,
12287-JOB-861671-S,2026-10-09,
12288-4928592251-S,2026-10-09,
12288-4928636343-S,2026-10-09,
12288-4928710614-S,2026-10-09,
12288-4928802576-S,2026-10-09,
12288-4928917434-S,2026-10-09,
12288-4928944628-S,2026-10-09,
12288-4929146409-S,2026-10-09,
12288-4929148890-S,2026-10-09,
12288-4929256117-S,2026-10-09,
12288-4929490023-S,2026-10-09,
12288-4929520258-S,2026-10-09,
12288-4929521293-S,2026-10-09,
12288-4929532578-S,2026-10-09,
12288-4929534570-S,2026-10-09,
12288-4929538748-S,2026-10-09,
12288-4929540509-S,2026-10-09,
12288-4929543212-S,2026-10-09,
12288-4929545511-S,2026-10-09,
12288-4929547825-S,2026-10-09,
12288-4929550924-S,2026-10-09,
12288-4929561992-S,2026-10-09,
12288-4929569121-S,2026-10-09,
12288-4929569665-S,2026-10-09,
12288-4931116716-S,2026-10-09,
12288-4931599211-S,2026-10-09,
12288-4932492332-S,2026-10-09,
12288-4932493585-S,2026-10-09,
12288-4933108812-S,2026-10-09,
12288-4933113104-S,2026-10-09,
12288-4934175689-S,2026-10-09,
12288-4934592873-S,2026-10-09,
12288-4934794002-S,2026-10-09,
12288-4934795982-S,2026-10-09,
12288-4934798240-S,2026-10-09,
12288-4934816144-S,2026-10-09,
12288-4935038688-S,2026-10-09,
12288-4935054396-S,2026-10-09,
12288-4936055060-S,2026-10-09,
12288-4936055178-S,2026-10-09,
12288-4936058819-S,2026-10-09,
12288-4936076542-S,2026-10-09,
12288-4936403609-S,2026-10-09,
12288-4936407976-S,2026-10-09,
12288-4936414373-S,2026-10-09,
12288-4936419721-S,2026-10-09,
12288-4936807140-S,2026-10-09,
12288-4936807697-S,2026-10-09,
12288-4936813930-S,2026-10-09,
12288-4936817887-S,2026-10-09,
12288-4936847836-S,2026-10-09,
12288-4945939543-S,2026-10-09,
12288-4945964432-S,2026-10-09,
12288-4945967505-S,2026-10-09,
12288-4946617164-S,2026-10-09,
12288-4946624504-S,2026-10-09,
12288-4946626242-S,2026-10-09,
12288-4946627865-S,2026-10-09,
12288-4946643243-S,2026-10-09,
12288-4946648528-S,2026-10-09,
12288-4947566522-S,2026-10-09,
12288-4947603598-S,2026-10-09,
12288-4948208753-S,2026-10-09,
12288-4948211497-S,2026-10-09,
12288-4948221828-S,2026-10-09,
12288-4948227940-S,2026-10-09,
12288-4948232439-S,2026-10-09,
12288-4948255970-S,2026-10-09,
12288-4948267614-S,2026-10-09,
12288-4949532428-S,2026-10-09,
12288-4949571149-S,2026-10-09,
12288-4950469313-S,2026-10-09,
12288-4950497446-S,2026-10-09,
12288-4950505929-S,2026-10-09,
12288-4951153124-S,2026-10-09,
12288-4951182362-S,2026-10-09,
12288-4951183168-S,2026-10-09,
12288-4951191789-S,2026-10-09,
12288-4951225082-S,2026-10-09,
12288-4951897659-S,2026-10-09,
12288-4951918383-S,2026-10-09,
12288-4951948274-S,2026-10-09,
12288-4953545980-S,2026-10-09,
12288-4954090089-S,2026-10-09,
12288-4954659136-S,2026-10-09,
12288-4954659206-S,2026-10-09,
12288-4954659728-S,2026-10-09,
12288-4954659856-S,2026-10-09,
12288-4955633829-S,2026-10-09,
12288-4955636556-S,2026-10-09,
12288-4955642350-S,2026-10-09,
12288-4957117163-S,2026-10-09,
12288-4957124942-S,2026-10-09,
12288-4957132293-S,2026-10-09,
12288-4958502970-S,2026-10-09,
12288-4958510512-S,2026-10-09,
12288-4958510839-S,2026-10-09,
12288-4958517607-S,2026-10-09,
12288-4959466728-S,2026-10-09,
12288-4959926864-S,2026-10-09,
12288-4959930076-S,2026-10-09,
12288-4959934142-S,2026-10-09,
12288-4959937748-S,2026-10-09,
12288-4959938503-S,2026-10-09,
12336-a26f1065j0452616-S,2026-10-09,
12336-a26f1075j0445863-S,2026-10-09,
12336-a26f1103j0455966-S,2026-10-09,
12336-a26f1122j0447469-S,2026-10-09,
12336-a26f1122j0452594-S,2026-10-09,
12336-a26f1122j0454898-S,2026-10-09,
12336-a26f1122j0455144-S,2026-10-09,
12336-a26f1122j0455146-S,2026-10-09,
12336-a26f1122j0455665-S,2026-10-09,
12336-a26f1201j0455562-S,2026-10-09,
12336-a26f1331j0450770-S,2026-10-09,
12336-a26f1331j0455191-S,2026-10-09,
12336-a26f1333j0454444-S,2026-10-09,
12336-a26f1333j0454447-S,2026-10-09,
12336-a26f1333j0455866-S,2026-10-09,
12336-a26f483j0455285-S,2026-10-09,
12336-a26f539j0413398-S,2026-10-09,
12336-a26f539j0437586-S,2026-10-09,
12336-a26f539j0437860-S,2026-10-09,
12336-a26f539j0439240-S,2026-10-09,
12336-a26f539j0439241-S,2026-10-09,
12336-a26f539j0445056-S,2026-10-09,
12336-a26f539j0453859-S,2026-10-09,
12336-a26f539j0454007-S,2026-10-09,
12336-a26f539j0455449-S,2026-10-09,
12336-a26f539j0455703-S,2026-10-09,
12336-a26f539j0455890-S,2026-10-09,
12336-a26f539j0456004-S,2026-10-09,
12336-a26f557j0454377-S,2026-10-09,
12336-a26f557j0455446-S,2026-10-09,
12336-a26f583j0456189-S,2026-10-09,
12336-a26f863j0448188-S,2026-10-09,
12336-a26f863j0448901-S,2026-10-09,
12336-a26f897j0453672-S,2026-10-09,
12336-a26f897j0456024-S,2026-10-09,
12336-a26f897j0456222-S,2026-10-09,
12336-a26f943j0455157-S,2026-10-09,
12336-a26f943j0455478-S,2026-10-09,
12336-a26f957j0452904-S,2026-10-09,
12336-a26f997j0446694-S,2026-10-09,
12362-CR-048798_510638LS-S,2026-10-09,
12362-TR-010281_593119LS-S,2026-10-09,
12362-TR-221440_593116LS-S,2026-10-09,
12444-563465373209119-DT-S,2026-10-09,
12444-563465373956897-DT-S,2026-10-09,
12444-563465373959933-DT-S,2026-10-09,
12444-563465374033794-DT-S,2026-10-09,
12456-1525182-1-S,2026-10-09,
12456-1534963-2-S,2026-10-09,
12456-1548257-1-S,2026-10-09,
12456-1555295-1-S,2026-10-09,
12456-1587193-3-S,2026-10-09,
12456-1598481-2-S,2026-10-09,
12456-1600283-1-S,2026-10-09,
12456-1602934-1-S,2026-10-09,
12456-1603132-1-S,2026-10-09,
12456-1620421-1-S,2026-10-09,
12456-1628074-1-S,2026-10-09,
12456-1628351-1-S,2026-10-09,
12456-1632430-1-S,2026-10-09,
12456-1633406-1-S,2026-10-09,
12456-1634128-1-S,2026-10-09,
12456-1634689-1-S,2026-10-09,
12456-1636281-1-S,2026-10-09,
12456-1637068-1-S,2026-10-09,
12456-1637274-1-S,2026-10-09,
12456-1637509-1-S,2026-10-09,
12456-1639699-1-S,2026-10-09,
12456-1639706-1-S,2026-10-09,
12456-1640356-1-S,2026-10-09,
12456-1640808-1-S,2026-10-09,
12456-1641744-1-S,2026-10-09,
12456-1641940-1-S,2026-10-09,
12462-1565199-1-S,2026-10-09,
12462-1573524-1-S,2026-10-09,
12462-1581762-1-S,2026-10-09,
12462-1616825-1-S,2026-10-09,
12462-1617420-1-S,2026-10-09,
12462-1618901-1-S,2026-10-09,
12462-1619619-1-S,2026-10-09,
12462-1619622-1-S,2026-10-09,
12462-1620215-1-S,2026-10-09,
12462-1620224-1-S,2026-10-09,
12462-1620694-1-S,2026-10-09,
12462-1622422-1-S,2026-10-09,
12462-1624451-1-S,2026-10-09,
12462-1624946-1-S,2026-10-09,
12462-1628569-1-S,2026-10-09,
12462-1629005-1-S,2026-10-09,
12462-1629016-1-S,2026-10-09,
12462-1630171-1-S,2026-10-09,
12462-1631161-1-S,2026-10-09,
12462-1631638-1-S,2026-10-09,
12462-1631639-1-S,2026-10-09,
12462-1631645-1-S,2026-10-09,
12462-1632096-1-S,2026-10-09,
12462-1632107-1-S,2026-10-09,
12462-1632599-1-S,2026-10-09,
12462-1632601-1-S,2026-10-09,
12462-1633451-1-S,2026-10-09,
12462-1633889-1-S,2026-10-09,
12462-1636307-1-S,2026-10-09,
12462-1636315-1-S,2026-10-09,
12462-1636317-1-S,2026-10-09,
12462-1636812-1-S,2026-10-09,
12462-1636813-1-S,2026-10-09,
12462-1636814-1-S,2026-10-09,
12462-1637319-1-S,2026-10-09,
12462-1637321-1-S,2026-10-09,
12462-1637322-1-S,2026-10-09,
12462-1637718-1-S,2026-10-09,
12462-1637721-1-S,2026-10-09,
12462-1637722-1-S,2026-10-09,
12462-1637724-1-S,2026-10-09,
12462-1637725-1-S,2026-10-09,
12462-1637729-1-S,2026-10-09,
12462-1638216-1-S,2026-10-09,
12462-1639840-1-S,2026-10-09,
12462-1640858-1-S,2026-10-09,
12462-1641295-1-S,2026-10-09,
12462-1641296-1-S,2026-10-09,
12465-1488254-3-S,2026-10-09,
12465-1562570-2-S,2026-10-09,
12465-1596096-2-S,2026-10-09,
12465-1599552-2-S,2026-10-09,
12465-1600672-2-S,2026-10-09,
12465-1600692-1-S,2026-10-09,
12465-1605137-1-S,2026-10-09,
12465-1608618-2-S,2026-10-09,
12465-1617962-2-S,2026-10-09,
12465-1618402-1-S,2026-10-09,
12465-1620277-2-S,2026-10-09,
12465-1623479-3-S,2026-10-09,
12465-1628202-1-S,2026-10-09,
12465-1628597-1-S,2026-10-09,
12465-1630780-1-S,2026-10-09,
12465-1632210-1-S,2026-10-09,
12465-1633054-1-S,2026-10-09,
12465-1633549-2-S,2026-10-09,
12465-1633550-1-S,2026-10-09,
12465-1635624-1-S,2026-10-09,
12465-1636423-1-S,2026-10-09,
12465-1636426-1-S,2026-10-09,
12465-1637376-1-S,2026-10-09,
12465-1637803-1-S,2026-10-09,
12465-1637804-1-S,2026-10-09,
12465-1638878-1-S,2026-10-09,
12465-1639339-1-S,2026-10-09,
12465-1639340-1-S,2026-10-09,
12465-1639341-1-S,2026-10-09,
12465-1639343-1-S,2026-10-09,
12465-1639344-1-S,2026-10-09,
12465-1639350-1-S,2026-10-09,
12465-1639351-1-S,2026-10-09,
12465-1639352-1-S,2026-10-09,
12465-1639355-1-S,2026-10-09,
12465-1640942-1-S,2026-10-09,
12465-1641370-1-S,2026-10-09,
12465-1641373-1-S,2026-10-09,
12465-1642078-1-S,2026-10-09,
12465-1642083-1-S,2026-10-09,
12489-44434687-910-S,2026-10-09,
12489-44437896-911-S,2026-10-09,
12489-44437896-916-S,2026-10-09,
12511-2026X0000050838-S,2026-10-09,
12511-2026X0000052282-S,2026-10-09,
12511-2026X0000052631-S,2026-10-09,2026-10-09
12513-0007655797-S,2026-10-09,
12513-0007655800-S,2026-10-09,
12513-0007656340-S,2026-10-09,
12513-0007656505-S,2026-10-09,
12513-0007656533-S,2026-10-09,
12513-0007656534-S,2026-10-09,
12513-0007656960-S,2026-10-09,
12513-0007657822-S,2026-10-09,
12513-0007657900-S,2026-10-09,
12514-202609bumewos01-S,2026-10-09,
12518-0F8K16-XGY-S,2026-10-09,
12518-0NUO6K-TQZ-S,2026-10-09,
12518-1YBG68-XIA-S,2026-10-09,
12518-4Q8BY1-9MI-S,2026-10-09,
12518-5RSCOQ-CYL-S,2026-10-09,
12518-6O5FYB-C7V-S,2026-10-09,
12518-CCWYFF-NJR-S,2026-10-09,
12518-F1RQ1I-HU3-S,2026-10-09,
12518-HNAD2Y-OD8-S,2026-10-09,
12518-P99KHW-8GM-S,2026-10-09,
12518-POMGQX-T13-S,2026-10-09,
12518-RGVCHU-5NJ-S,2026-10-09,
12518-TBX2NT-734-S,2026-10-09,
12518-VZVP0V-463-S,2026-10-09,
12518-X2LENO-9MU-S,2026-10-09,
12608-1368600-28033-1-S,2026-10-09,
12608-1375869-7670-1-S,2026-10-09,
12608-1391340-83223-1-S,2026-10-09,
12608-1399813-28069-1-S,2026-10-09,
12608-1404332-4071-1-S,2026-10-09,
12608-1404343-78914-1-S,2026-10-09,
12608-1406051-80186-1-S,2026-10-09,
12608-1408400-73611-1-S,2026-10-09,
12608-1411317-28033-1-S,2026-10-09,
12608-1411463-77087-1-S,2026-10-09,
12608-1411807-28503-1-S,2026-10-09,
12608-1411847-28605-1-S,2026-10-09,
12608-1415717-8923-1-S,2026-10-09,
12608-1415747-13217-1-S,2026-10-09,
12608-1416326-49890-1-S,2026-10-09,
12608-1417063-66900-1-S,2026-10-09,
12608-1417635-54846-1-S,2026-10-09,
12608-1417636-56915-1-S,2026-10-09,
12608-1417890-28518-1-S,2026-10-09,
12608-1418037-64568-1-S,2026-10-09,
12608-1419885-10790-1-S,2026-10-09,
12608-1419952-8263-1-S,2026-10-09,
12608-1420843-10063-1-S,2026-10-09,
12608-1422065-7619-1-S,2026-10-09,
12608-1422072-38331-1-S,2026-10-09,
12608-1422085-9313-1-S,2026-10-09,
12608-1422101-9313-1-S,2026-10-09,
12608-1422283-14939-1-S,2026-10-09,
12608-1422289-79321-1-S,2026-10-09,
12608-1422943-7753-1-S,2026-10-09,
12608-1422956-7690-1-S,2026-10-09,
12608-1422958-7657-1-S,2026-10-09,
12608-1422966-7638-1-S,2026-10-09,
12608-1422990-22498-1-S,2026-10-09,
12608-1422995-8655-1-S,2026-10-09,
12608-1422998-8655-1-S,2026-10-09,
12608-1423018-34903-1-S,2026-10-09,
12608-1423023-82890-1-S,2026-10-09,
12608-1423284-8675-1-S,2026-10-09,
12608-1423287-20479-1-S,2026-10-09,
12608-1423296-17839-1-S,2026-10-09,
12608-1423419-4075-1-S,2026-10-09,
12608-1423487-28293-1-S,2026-10-09,
12608-1423706-30862-1-S,2026-10-09,
12608-1424075-7670-1-S,2026-10-09,
12608-1424250-8655-1-S,2026-10-09,
12608-1424611-28033-1-S,2026-10-09,
12608-1425074-28077-1-S,2026-10-09,
12608-1425562-13024-1-S,2026-10-09,
12608-1427872-47055-1-S,2026-10-09,
12608-1428245-7644-1-S,2026-10-09,
12608-1428277-28042-1-S,2026-10-09,
12608-1428286-4078-2-S,2026-10-09,
12608-1429369-27479-1-S,2026-10-09,
12608-1436026-8372-1-S,2026-10-09,
12608-1436626-82866-1-S,2026-10-09,
12608-1436922-34411-1-S,2026-10-09,
12608-1436953-31333-1-S,2026-10-09,
12608-1436960-82889-1-S,2026-10-09,
12608-1437028-4078-1-S,2026-10-09,
12608-1437074-9022-1-S,2026-10-09,
12608-1437075-7733-1-S,2026-10-09,
12608-1437099-7778-1-S,2026-10-09,
12608-1437105-9022-1-S,2026-10-09,
12608-1437334-8230-1-S,2026-10-09,
12608-1437357-28033-1-S,2026-10-09,
12608-1438804-80185-1-S,2026-10-09,
12608-1438971-28033-1-S,2026-10-09,
12608-1438990-28043-1-S,2026-10-09,
12608-1442607-28033-1-S,2026-10-09,
12608-1442655-31086-1-S,2026-10-09,
12608-1442837-34340-1-S,2026-10-09,
12608-1442870-28042-1-S,2026-10-09,
12608-1443461-40286-1-S,2026-10-09,
12608-1443481-28483-1-S,2026-10-09,
12608-1444278-28209-1-S,2026-10-09,
12608-1444296-4073-1-S,2026-10-09,
12608-1444307-47055-1-S,2026-10-09,
12608-1444598-8943-1-S,2026-10-09,
12608-1444635-28258-1-S,2026-10-09,
12608-1444712-76099-1-S,2026-10-09,
12608-1444714-82791-1-S,2026-10-09,
12608-1444725-28828-1-S,2026-10-09,
12608-1444743-52742-1-S,2026-10-09,
12608-1445084-28523-1-S,2026-10-09,
12608-1445486-18576-1-S,2026-10-09,
12608-1445512-4865-1-S,2026-10-09,
12608-1445517-6642-1-S,2026-10-09,
12608-1445518-33732-1-S,2026-10-09,
12608-1445528-7692-1-S,2026-10-09,
12608-1445533-7660-1-S,2026-10-09,
12608-1447721-8828-1-S,2026-10-09,
12608-1447728-31131-1-S,2026-10-09,
12608-1447731-9893-1-S,2026-10-09,
12608-1447758-82788-1-S,2026-10-09,
12608-1447967-13024-1-S,2026-10-09,
12608-1448427-28033-1-S,2026-10-09,
12608-1448451-8846-1-S,2026-10-09,
12608-1448704-28043-1-S,2026-10-09,
12608-1449536-28105-1-S,2026-10-09,
12608-1449539-18597-1-S,2026-10-09,
12608-1449545-28173-1-S,2026-10-09,
12608-1449591-49021-1-S,2026-10-09,
12608-1449851-27572-1-S,2026-10-09,
12608-1449852-10181-1-S,2026-10-09,
12608-1449853-5249-1-S,2026-10-09,
12608-1450049-9172-1-S,2026-10-09,
12608-1450787-82860-1-S,2026-10-09,
12608-1450791-82787-1-S,2026-10-09,
12608-1450792-9095-1-S,2026-10-09,
12608-1450793-10793-1-S,2026-10-09,
12608-1450794-14827-1-S,2026-10-09,
12608-1450808-8928-1-S,2026-10-09,
12608-1450816-30444-1-S,2026-10-09,
12608-1450817-28487-1-S,2026-10-09,
12608-1451011-39609-1-S,2026-10-09,
12608-1451060-28033-1-S,2026-10-09,
12608-1451386-28446-1-S,2026-10-09,
12608-1451483-28079-1-S,2026-10-09,
12608-1451485-28508-1-S,2026-10-09,
12608-1451507-28154-1-S,2026-10-09,
12608-1451508-85342-1-S,2026-10-09,
12608-1451509-65007-1-S,2026-10-09,
12608-1451510-7687-1-S,2026-10-09,
12608-1451520-4078-1-S,2026-10-09,
12608-1452133-34411-1-S,2026-10-09,
12608-1452164-64991-1-S,2026-10-09,
12608-1452537-28033-1-S,2026-10-09,
12608-1452540-8482-1-S,2026-10-09,
12608-1452552-14852-1-S,2026-10-09,
12608-1452643-4093-1-S,2026-10-09,
12608-1452670-8482-1-S,2026-10-09,
12608-1452912-28033-1-S,2026-10-09,
12608-1453316-11207-1-S,2026-10-09,
12608-1454160-9093-1-S,2026-10-09,
12608-1454391-28033-1-S,2026-10-09,
12608-1454745-78624-1-S,2026-10-09,
12608-1454758-78624-1-S,2026-10-09,
12608-1454766-28242-1-S,2026-10-09,
12608-1454895-33407-1-S,2026-10-09,
12608-1455242-49812-1-S,2026-10-09,
12608-1455255-34149-1-S,2026-10-09,
12608-1455604-8360-1-S,2026-10-09,
12608-1455612-28043-1-S,2026-10-09,
12608-1455622-28042-1-S,2026-10-09,
12608-1456227-8224-1-S,2026-10-09,
12608-1456229-39553-1-S,2026-10-09,
12608-1456255-28033-1-S,2026-10-09,
12608-1456285-32192-1-S,2026-10-09,
12608-1456826-28033-1-S,2026-10-09,
12608-1457114-38901-1-S,2026-10-09,
12608-1457195-38634-1-S,2026-10-09,
12608-1457288-28042-1-S,2026-10-09,
12608-1457352-28782-1-S,2026-10-09,
12608-1457363-28033-1-S,2026-10-09,
12608-1457762-38662-1-S,2026-10-09,
12608-1457772-28103-1-S,2026-10-09,
12608-1457784-28303-1-S,2026-10-09,
12608-1457959-28452-1-S,2026-10-09,
12608-1457985-10403-1-S,2026-10-09,
12608-1458116-8911-1-S,2026-10-09,
12608-1458128-4078-1-S,2026-10-09,
12608-1458177-28042-1-S,2026-10-09,
12608-1458182-28043-1-S,2026-10-09,
12608-1458496-28043-1-S,2026-10-09,
12608-1458542-28042-1-S,2026-10-09,
12608-1458543-28033-1-S,2026-10-09,
12608-1458929-28033-1-S,2026-10-09,
12618-184126-S,2026-10-09,
12618-185204-S,2026-10-09,
12618-185830-S,2026-10-09,
12633-07d233f1_JB5215985-S,2026-10-09,
12633-0ffea8fb_JB5267204-S,2026-10-09,
12633-623777ed_JB5204015-S,2026-10-09,
12633-8e9f0795_JB5197101-S,2026-10-09,
12649-1625836-1-S,2026-10-09,
12649-1631595-1-S,2026-10-09,
12649-1640835-1-S,2026-10-09,
12661-J9MLL0ZBVP4MNHBM-S,2026-10-09,
12661-Z1VAEJMWLQTPXHEX-S,2026-10-09,
12688-28908111-RJA-S,2026-10-09,
12688-28908112-RJA-S,2026-10-09,
12688-29139402-RJA-S,2026-10-09,
12688-REG-40922-RJA-S,2026-10-09,
12688-REG-41065-RJA-S,2026-10-09,
12688-REG-42993-RJA-S,2026-10-09,
12688-REG-42995-RJA-S,2026-10-09,
12688-REG-42997-RJA-S,2026-10-09,
12688-REG-43198-RJA-S,2026-10-09,
12688-REG-43775-RJA-S,2026-10-09,
12688-REG-43785-RJA-S,2026-10-09,
12688-REG-44001-RJA-S,2026-10-09,
12688-REG-44168-RJA-S,2026-10-09,
12688-REG-44378-RJA-S,2026-10-09,
12688-REG-44439-RJA-S,2026-10-09,
12688-REG-45098-RJA-S,2026-10-09,
12697-k10989.7417-S,2026-10-09,
12704-16759130-S,2026-10-09,
12706-44465183-924-S,2026-10-09,
12706-44468432-927-S,2026-10-09,
12708-1578166-1-S,2026-10-09,
12708-1601404-1-S,2026-10-09,
12708-1621026-1-S,2026-10-09,
12708-1638617-1-S,2026-10-09,
12708-1638618-1-S,2026-10-09,
12708-1641887-1-S,2026-10-09,
12727-LS1383604-S,2026-10-09,
12728-244212-1-S,2026-10-09,
12728-244288-1-S,2026-10-09,
12728-245021-3-S,2026-10-09,
12728-245102-1-S,2026-10-09,
12728-245469-3-S,2026-10-09,
12728-246418-1-S,2026-10-09,
12728-246420-1-S,2026-10-09,
12728-246441-1-S,2026-10-09,
12728-246470-1-S,2026-10-09,
12728-246484-1-S,2026-10-09,
12728-555-1-S,2026-10-09,
12728-562-1-S,2026-10-09,
12728-573-1-S,2026-10-09,
12728-596-1-S,2026-10-09,
12745-974321520-S,2026-10-09,
12745-975802190-S,2026-10-09,
12790-j119S6970-13953-S,2026-10-09,
12790-j119S6980-13962-S,2026-10-09,
12811-1659723-S,2026-10-09,
12811-1659725-S,2026-10-09,
12811-1698009-S,2026-10-09,
12811-1790083-S,2026-10-09,
12811-1830092-S,2026-10-09,
12811-1833162-S,2026-10-09,
12811-1853796-S,2026-10-09,
12811-1854876-S,2026-10-09,
12811-1875995-S,2026-10-09,
12811-1876642-S,2026-10-09,
12811-1941674-S,2026-10-09,
12811-1941675-S,2026-10-09,
12811-1941679-S,2026-10-09,
12811-1941681-S,2026-10-09,
12811-1941685-S,2026-10-09,
12811-1941686-S,2026-10-09,
12811-1941688-S,2026-10-09,
12811-1941689-S,2026-10-09,
12811-1941758-S,2026-10-09,
12811-1941792-S,2026-10-09,
12811-1948430-S,2026-10-09,
12811-1987639-S,2026-10-09,
12811-2011219-S,2026-10-09,
12811-2046188-S,2026-10-09,
12811-2072542-S,2026-10-09,
12811-2099825-S,2026-10-09,
12811-2103740-S,2026-10-09,
12811-2119392-S,2026-10-09,
12811-2159021-S,2026-10-09,
12811-2181494-S,2026-10-09,
12811-2183538-S,2026-10-09,
12811-2190315-S,2026-10-09,
12811-2190321-S,2026-10-09,
12811-2191395-S,2026-10-09,
12811-2193503-S,2026-10-09,
12811-2194803-S,2026-10-09,
12811-2194886-S,2026-10-09,
12811-2197246-S,2026-10-09,
12811-2211422-S,2026-10-09,
12811-2235429-S,2026-10-09,
12811-2235760-S,2026-10-09,
12811-2237327-S,2026-10-09,
12811-2241773-S,2026-10-09,
12811-2242800-S,2026-10-09,
12811-2252778-S,2026-10-09,
12811-2252859-S,2026-10-09,
12811-2255388-S,2026-10-09,
12811-2256855-S,2026-10-09,
12811-2257288-S,2026-10-09,
12811-2267011-S,2026-10-09,
12811-2267602-S,2026-10-09,
12811-2272282-S,2026-10-09,
12811-2273213-S,2026-10-09,
12811-2274320-S,2026-10-09,
12811-2277645-S,2026-10-09,
12811-2286668-S,2026-10-09,
12811-2287660-S,2026-10-09,
12811-2287935-S,2026-10-09,
12811-2288572-S,2026-10-09,
12811-2289866-S,2026-10-09,
12811-2290011-S,2026-10-09,
12811-2290143-S,2026-10-09,
12811-2290383-S,2026-10-09,
12811-2290836-S,2026-10-09,
12811-2291141-S,2026-10-09,
12811-2291330-S,2026-10-09,
12811-2291916-S,2026-10-09,
12811-2293898-S,2026-10-09,
12811-2295252-S,2026-10-09,
12811-2296091-S,2026-10-09,
12811-2296184-S,2026-10-09,
12811-2296814-S,2026-10-09,
12811-2300026-S,2026-10-09,
12811-2300411-S,2026-10-09,
12811-2300734-S,2026-10-09,
12811-2300905-S,2026-10-09,
12811-2301779-S,2026-10-09,
12811-2303903-S,2026-10-09,
12811-2305212-S,2026-10-09,
12811-2305779-S,2026-10-09,
12811-2306996-S,2026-10-09,
12811-2308235-S,2026-10-09,
12811-2310911-S,2026-10-09,
12811-2310912-S,2026-10-09,
12811-2310914-S,2026-10-09,
12811-2311370-S,2026-10-09,
12811-2314274-S,2026-10-09,
12811-2314630-S,2026-10-09,
12811-2314631-S,2026-10-09,
12811-2315472-S,2026-10-09,
12811-2315852-S,2026-10-09,
12811-2316086-S,2026-10-09,
12811-2316142-S,2026-10-09,
12811-2317237-S,2026-10-09,
12811-2317603-S,2026-10-09,
12811-2317971-S,2026-10-09,
12811-2318053-S,2026-10-09,
12811-2318763-S,2026-10-09,
12811-2319019-S,2026-10-09,
12811-2320372-S,2026-10-09,
12811-2321005-S,2026-10-09,
12811-2321289-S,2026-10-09,
12811-2321431-S,2026-10-09,
12811-2321464-S,2026-10-09,
12811-2322042-S,2026-10-09,
12811-2322218-S,2026-10-09,
12811-2322414-S,2026-10-09,
12811-2323074-S,2026-10-09,
12811-2323170-S,2026-10-09,
12811-2323676-S,2026-10-09,
12811-2326373-S,2026-10-09,
12811-2326877-S,2026-10-09,
12811-2327488-S,2026-10-09,
12811-2327648-S,2026-10-09,
12811-2327721-S,2026-10-09,
12811-2327741-S,2026-10-09,
12811-2328669-S,2026-10-09,
12811-2328848-S,2026-10-09,
12811-2328976-S,2026-10-09,
12811-2329431-S,2026-10-09,
12811-2329447-S,2026-10-09,
12811-2329487-S,2026-10-09,
12811-2331415-S,2026-10-09,
12811-2331974-S,2026-10-09,
12811-2332148-S,2026-10-09,
12811-2332193-S,2026-10-09,
12811-2332340-S,2026-10-09,
12811-2332530-S,2026-10-09,
12811-2332708-S,2026-10-09,
12811-2332822-S,2026-10-09,
12811-2332828-S,2026-10-09,
12811-2333012-S,2026-10-09,
12811-2333033-S,2026-10-09,
12811-2333141-S,2026-10-09,
12811-2333247-S,2026-10-09,
12811-2333268-S,2026-10-09,
12811-2333374-S,2026-10-09,
12811-2333412-S,2026-10-09,
12811-2333414-S,2026-10-09,
12811-2333483-S,2026-10-09,
12811-2333487-S,2026-10-09,
12811-2333496-S,2026-10-09,
12811-2333635-S,2026-10-09,
12811-2333661-S,2026-10-09,
12811-2333683-S,2026-10-09,
12811-2333722-S,2026-10-09,
12811-2333738-S,2026-10-09,
12811-2333771-S,2026-10-09,
12811-2333780-S,2026-10-09,
12811-2334602-S,2026-10-09,
12811-2334609-S,2026-10-09,
12811-2334775-S,2026-10-09,
12811-2334910-S,2026-10-09,
12811-2335013-S,2026-10-09,
12811-2335206-S,2026-10-09,
12811-2335554-S,2026-10-09,
12811-2335588-S,2026-10-09,
12811-2335619-S,2026-10-09,
12811-2336018-S,2026-10-09,
12811-2336203-S,2026-10-09,
12811-2336268-S,2026-10-09,
12811-2336662-S,2026-10-09,
12811-2336863-S,2026-10-09,
12811-2337297-S,2026-10-09,
12811-2337853-S,2026-10-09,
12811-2337939-S,2026-10-09,
12811-2338068-S,2026-10-09,
12811-2338461-S,2026-10-09,
12811-2338466-S,2026-10-09,
12811-2338623-S,2026-10-09,
12811-2338635-S,2026-10-09,
12811-2338661-S,2026-10-09,
12811-2338863-S,2026-10-09,
12811-2338889-S,2026-10-09,
12811-2339347-S,2026-10-09,
12811-2339377-S,2026-10-09,
12811-2339697-S,2026-10-09,
12811-2339925-S,2026-10-09,
12811-2340014-S,2026-10-09,
12811-2341239-S,2026-10-09,
12811-2341499-S,2026-10-09,
12811-2341732-S,2026-10-09,
12811-2341746-S,2026-10-09,
12811-2341826-S,2026-10-09,
12811-2342129-S,2026-10-09,
12811-2342219-S,2026-10-09,
12811-2342221-S,2026-10-09,
12811-2342323-S,2026-10-09,
12811-2342339-S,2026-10-09,
12811-2342370-S,2026-10-09,
12811-2342647-S,2026-10-09,
12811-2342723-S,2026-10-09,
12811-2342798-S,2026-10-09,
12811-2343095-S,2026-10-09,
12811-2343210-S,2026-10-09,
12811-2343319-S,2026-10-09,
12811-2343356-S,2026-10-09,
12811-2343380-S,2026-10-09,
12811-2343460-S,2026-10-09,
12811-2343472-S,2026-10-09,
12811-2343805-S,2026-10-09,
12811-2343921-S,2026-10-09,
12811-2343965-S,2026-10-09,
12811-2344044-S,2026-10-09,
12811-2344062-S,2026-10-09,
12811-2344102-S,2026-10-09,
12811-2344103-S,2026-10-09,
12811-2344165-S,2026-10-09,
12811-2344196-S,2026-10-09,
12811-2344300-S,2026-10-09,
12811-2344301-S,2026-10-09,
12811-2344313-S,2026-10-09,
12811-2344463-S,2026-10-09,
12811-2344559-S,2026-10-09,
12811-2345541-S,2026-10-09,
12811-2345737-S,2026-10-09,
12811-2345933-S,2026-10-09,
12811-2345970-S,2026-10-09,
12811-2345981-S,2026-10-09,
12811-2346044-S,2026-10-09,
12811-2346429-S,2026-10-09,
12811-2346548-S,2026-10-09,
12811-2346675-S,2026-10-09,
12811-2346710-S,2026-10-09,
12811-2346876-S,2026-10-09,
12811-2346936-S,2026-10-09,
12811-2346956-S,2026-10-09,
12811-2347227-S,2026-10-09,
12811-2347301-S,2026-10-09,
12811-2347384-S,2026-10-09,
12811-2347449-S,2026-10-09,
12811-2347530-S,2026-10-09,
12811-2347660-S,2026-10-09,
12811-2347687-S,2026-10-09,
12811-2347972-S,2026-10-09,
12811-2348044-S,2026-10-09,
12811-2348414-S,2026-10-09,
12811-2348574-S,2026-10-09,
12811-2349062-S,2026-10-09,
12811-2349206-S,2026-10-09,
12811-2349389-S,2026-10-09,
12811-2349396-S,2026-10-09,
12811-2349485-S,2026-10-09,
12811-2349611-S,2026-10-09,
12811-2350331-S,2026-10-09,
12811-2350431-S,2026-10-09,
12811-2350590-S,2026-10-09,
12811-2350630-S,2026-10-09,
12811-2350757-S,2026-10-09,
12811-2350830-S,2026-10-09,
12811-2350873-S,2026-10-09,
12811-2350933-S,2026-10-09,
12811-2350965-S,2026-10-09,
12811-2350966-S,2026-10-09,
12811-2350967-S,2026-10-09,
12811-2351011-S,2026-10-09,
12811-2351248-S,2026-10-09,
12811-2351341-S,2026-10-09,
12811-2351375-S,2026-10-09,
12811-2351396-S,2026-10-09,
12811-2351525-S,2026-10-09,
12811-2351558-S,2026-10-09,
12811-2351582-S,2026-10-09,
12811-2351682-S,2026-10-09,
12811-2351684-S,2026-10-09,
12811-2351718-S,2026-10-09,
12811-2351728-S,2026-10-09,
12811-2351778-S,2026-10-09,
12811-2351899-S,2026-10-09,
12811-2351945-S,2026-10-09,
12811-2352275-S,2026-10-09,
12811-2352289-S,2026-10-09,
12811-2352342-S,2026-10-09,
12811-2352457-S,2026-10-09,
12811-2352534-S,2026-10-09,
12811-2352550-S,2026-10-09,
12811-2352681-S,2026-10-09,
12811-2353083-S,2026-10-09,
12811-2353176-S,2026-10-09,
12811-2353253-S,2026-10-09,
12811-2353289-S,2026-10-09,
12811-2353385-S,2026-10-09,
12811-2353388-S,2026-10-09,
12811-2353402-S,2026-10-09,
12811-2353485-S,2026-10-09,
12811-2353502-S,2026-10-09,
12811-2353818-S,2026-10-09,
12811-2353825-S,2026-10-09,
12811-2353837-S,2026-10-09,
12826-SA0147287_JB5247122-S,2026-10-09,
12846-1621573-1-S,2026-10-09,
12846-1636457-1-S,2026-10-09,
12898-P2190327-1-S,2026-10-09,
12942-1590881-1-S,2026-10-09,
12942-1597205-1-S,2026-10-09,
12942-1633716-1-S,2026-10-09,
12942-1635454-1-S,2026-10-09,
12942-1636791-1-S,2026-10-09,
12942-1637882-1-S,2026-10-09,
12942-1638197-1-S,2026-10-09,
12942-1638437-1-S,2026-10-09,
12942-1639021-1-S,2026-10-09,
12942-1639960-1-S,2026-10-09,
12942-1640309-1-S,2026-10-09,
12951-0212d589-d605-4abe--S,2026-10-09,
12951-02c57d0a-8372-4375--S,2026-10-09,
12951-0415b8be-4e4c-40cb--S,2026-10-09,
12951-0490162c-3f52-4708--S,2026-10-09,
12951-05319bc0-24ea-4c4a--S,2026-10-09,
12951-061e0caa-2205-44e0--S,2026-10-09,
12951-0714bef8-e7d4-4fcc--S,2026-10-09,
12951-07f0e292-2b5a-4036--S,2026-10-09,
12951-0a5624f8-9854-4948--S,2026-10-09,
12951-0b267452-4411-48cd--S,2026-10-09,
12951-0b31410a-40e4-4731--S,2026-10-09,
12951-0c4373f4-f93e-4780--S,2026-10-09,
12951-0dd163dc-0b41-4c56--S,2026-10-09,
12951-0e89f4d5-4668-4d6d--S,2026-10-09,
12951-11239f11-f3c4-490e--S,2026-10-09,
12951-1292c088-2f4b-44c1--S,2026-10-09,
12951-143db27c-9a54-40f3--S,2026-10-09,
12951-14a58a4a-eae3-4431--S,2026-10-09,
12951-151ece43-4212-450f--S,2026-10-09,
12951-15c952fa-c739-40db--S,2026-10-09,
12951-15f113b9-ab96-4ff6--S,2026-10-09,
12951-161bd6cf-5c67-4fa7--S,2026-10-09,
12951-165b4116-4225-433d--S,2026-10-09,
12951-16c7e77e-8aa0-4fe5--S,2026-10-09,
12951-174ed26d-bea6-4dda--S,2026-10-09,
12951-1839d3d3-cdbb-4e59--S,2026-10-09,
12951-193d19b2-9131-4061--S,2026-10-09,
12951-1ab363a1-9816-4ec6--S,2026-10-09,
12951-1ccb6fb2-b138-41ec--S,2026-10-09,
12951-1d045f7b-a687-421a--S,2026-10-09,
12951-1da41ebe-a858-41c6--S,2026-10-09,
12951-1ea6320d-92aa-4e06--S,2026-10-09,
12951-1f0c2034-fc84-4dd3--S,2026-10-09,
12951-1f22df7d-e237-444f--S,2026-10-09,
12951-218be939-7ac6-4baf--S,2026-10-09,
12951-22096f85-c668-40ec--S,2026-10-09,
12951-232b8d48-41aa-42c5--S,2026-10-09,
12951-23b6670d-b336-4f24--S,2026-10-09,
12951-23c7eeaf-779c-485b--S,2026-10-09,
12951-247b3aeb-3d85-4716--S,2026-10-09,
12951-24e35ba0-82b6-49e4--S,2026-10-09,
12951-2564e6f4-ec3a-4d31--S,2026-10-09,
12951-25a52320-a9ce-4a1c--S,2026-10-09,
12951-26d4b20c-58fb-439f--S,2026-10-09,
12951-290d4268-5d54-4493--S,2026-10-09,
12951-2e5cd435-1844-4f4e--S,2026-10-09,
12951-2ed6720d-8910-455b--S,2026-10-09,
12951-311a0b89-bf16-41e3--S,2026-10-09,
12951-32ad07cb-272a-404f--S,2026-10-09,
12951-36d37bfd-264b-4b9e--S,2026-10-09,
12951-36fb8cd6-aca4-43cd--S,2026-10-09,
12951-37ab4cbe-1123-4443--S,2026-10-09,
12951-37ed134f-5b73-4684--S,2026-10-09,
12951-37fa989d-d0ad-4777--S,2026-10-09,
12951-38b34802-ad28-44f9--S,2026-10-09,
12951-393130f8-164b-49d4--S,2026-10-09,
12951-3ac1f9c8-4d3a-4874--S,2026-10-09,
12951-3cf786dc-5ec7-4abc--S,2026-10-09,
12951-3d029a2e-6c87-4745--S,2026-10-09,
12951-3eb079f1-8433-4bdb--S,2026-10-09,
12951-3f2a2769-39e1-4b8f--S,2026-10-09,
12951-3f975db1-b2d5-4134--S,2026-10-09,
12951-406d1b9f-1017-4bb3--S,2026-10-09,
12951-42090a28-f56f-4986--S,2026-10-09,
12951-43c17ea0-6019-4ba4--S,2026-10-09,
12951-4451d239-7dd2-409c--S,2026-10-09,
12951-462310a8-ab85-4377--S,2026-10-09,
12951-476c2f42-5577-4cb9--S,2026-10-09,
12951-47729246-848f-43c0--S,2026-10-09,
12951-4ba0582b-6176-47bf--S,2026-10-09,
12951-4baa1a1a-8642-4a9a--S,2026-10-09,
12951-4c4fcae5-b7ec-4df3--S,2026-10-09,
12951-4d04d6f2-1f01-4a3a--S,2026-10-09,
12951-4db75790-14b1-4059--S,2026-10-09,
12951-4e3e1903-7828-4b14--S,2026-10-09,
12951-50b77fd1-0071-4041--S,2026-10-09,
12951-52e326ad-aa26-4827--S,2026-10-09,
12951-5310659e-7fbe-465a--S,2026-10-09,
12951-5315ca51-c680-4e43--S,2026-10-09,
12951-53c7132b-411c-4e38--S,2026-10-09,
12951-5486ccd4-5ad6-4fee--S,2026-10-09,
12951-54c3882a-1c62-4a12--S,2026-10-09,
12951-54daf36b-2292-494b--S,2026-10-09,
12951-5828613d-57fb-4a0f--S,2026-10-09,
12951-5cc21b89-71f7-492d--S,2026-10-09,
12951-5e29e893-847e-412d--S,2026-10-09,
12951-5e7c2ffa-cc55-4eb3--S,2026-10-09,
12951-5f18b80a-96a8-4b45--S,2026-10-09,
12951-601e3d47-8109-46c6--S,2026-10-09,
12951-60401b77-d6bc-48e5--S,2026-10-09,
12951-609453c5-fbb9-4331--S,2026-10-09,
12951-6109edb3-bb47-44fd--S,2026-10-09,
12951-61bf100f-fc14-4189--S,2026-10-09,
12951-61c5acf9-d39a-4e46--S,2026-10-09,
12951-6271d031-e947-4444--S,2026-10-09,
12951-62d32d2e-8919-4614--S,2026-10-09,
12951-64ce2b9d-edd0-439a--S,2026-10-09,
12951-6593baba-b346-4c42--S,2026-10-09,
12951-66cf34a6-2124-4df9--S,2026-10-09,
12951-67a59578-b766-4de2--S,2026-10-09,
12951-680650fe-882c-4fd8--S,2026-10-09,
12951-6af3bfcb-ce30-4a2c--S,2026-10-09,
12951-6affddfc-0617-46b1--S,2026-10-09,
12951-6b1356bb-a911-4467--S,2026-10-09,
12951-6b79173b-d079-4796--S,2026-10-09,
12951-6c1b2262-2c0d-492b--S,2026-10-09,
12951-6c28420c-5099-49ea--S,2026-10-09,
12951-6c4ef094-f283-4a9a--S,2026-10-09,
12951-6d5eedfe-6353-44f0--S,2026-10-09,
12951-6dcd56f6-4ca2-42fc--S,2026-10-09,
12951-6ed6f615-59aa-4bd9--S,2026-10-09,
12951-6f6b4901-a841-4783--S,2026-10-09,
12951-71125b6d-0b0c-4429--S,2026-10-09,
12951-715731b8-c0f6-4c2e--S,2026-10-09,
12951-7562dc62-8018-413f--S,2026-10-09,
12951-765e3404-2862-4834--S,2026-10-09,
12951-772d5ce4-cd76-481f--S,2026-10-09,
12951-788d51b8-3985-49a1--S,2026-10-09,
12951-7d7bb6ea-9378-4fcf--S,2026-10-09,
12951-7ddf1f9e-d5d8-4958--S,2026-10-09,
12951-800906f9-5325-4803--S,2026-10-09,
12951-838b5550-0864-4ed5--S,2026-10-09,
12951-8587c8c5-f205-4dae--S,2026-10-09,
12951-86369d8f-b1c8-4913--S,2026-10-09,
12951-863a8dc1-d85b-40b7--S,2026-10-09,
12951-865cc395-b725-473b--S,2026-10-09,
12951-89b4dc92-078c-4601--S,2026-10-09,
12951-8a62864a-5f78-434a--S,2026-10-09,
12951-8c1d7f1e-9a55-4573--S,2026-10-09,
12951-8d684886-1a84-46d7--S,2026-10-09,
12951-8d9e42c6-0f40-4a3e--S,2026-10-09,
12951-90adf81f-ceca-4f04--S,2026-10-09,
12951-930ea46c-86ba-4389--S,2026-10-09,
12951-93ad0ec7-a6f0-4c1f--S,2026-10-09,
12951-93f6448b-95a7-4474--S,2026-10-09,
12951-951357fa-ec28-4e55--S,2026-10-09,
12951-958b4f23-5380-4af3--S,2026-10-09,
12951-95f5353b-fd13-497c--S,2026-10-09,
12951-966cc013-2339-48f0--S,2026-10-09,
12951-97f875fe-582b-445b--S,2026-10-09,
12951-9999a0e4-84e8-481a--S,2026-10-09,
12951-9a79e9f3-45f8-4c23--S,2026-10-09,
12951-9af87fb7-d94e-4d38--S,2026-10-09,
12951-9d088e7f-a6a5-4717--S,2026-10-09,
12951-9eea3464-2d43-467b--S,2026-10-09,
12951-a06fcef1-9eb3-4a70--S,2026-10-09,
12951-a0a04b2f-0d6c-4829--S,2026-10-09,
12951-a0f877f5-8a1a-4dca--S,2026-10-09,
12951-a278d064-43fb-48b5--S,2026-10-09,
12951-a319c487-32ab-4ccf--S,2026-10-09,
12951-a3954daa-fd3a-403b--S,2026-10-09,
12951-a4e89bcd-aabc-4643--S,2026-10-09,
12951-a57f5bc5-8db6-46e9--S,2026-10-09,
12951-a68daea9-df4c-418b--S,2026-10-09,
12951-a7976c3c-9227-4527--S,2026-10-09,
12951-a841f123-a19b-474e--S,2026-10-09,
12951-aa9c386e-f630-4c77--S,2026-10-09,
12951-ab7bc23c-080d-4c0a--S,2026-10-09,
12951-abc7bd22-b6ea-4e2a--S,2026-10-09,
12951-af3808b4-6158-4877--S,2026-10-09,
12951-af9b5fa2-f96e-43c2--S,2026-10-09,
12951-b0abd46b-f3e3-4efc--S,2026-10-09,
12951-b24b3d3b-b602-4dc5--S,2026-10-09,
12951-b3732daf-b052-4a2a--S,2026-10-09,
12951-b3bbab7c-f829-423e--S,2026-10-09,
12951-b4de060a-f9a5-4dd7--S,2026-10-09,
12951-b58b3e52-040a-4869--S,2026-10-09,
12951-b5df596c-9178-4418--S,2026-10-09,
12951-b5f81b2c-c2a7-4a1a--S,2026-10-09,
12951-b67604c2-206f-48c1--S,2026-10-09,
12951-b6d11e6b-95db-4e5b--S,2026-10-09,
12951-b701b1c9-8d91-4304--S,2026-10-09,
12951-b860529f-3f8b-4e8d--S,2026-10-09,
12951-b873f479-b221-4ce8--S,2026-10-09,
12951-b8ade349-5d9b-4b03--S,2026-10-09,
12951-b8c01105-ef76-4e8d--S,2026-10-09,
12951-bcefa3da-6b7c-43bd--S,2026-10-09,
12951-bf224000-5f77-427f--S,2026-10-09,
12951-bf804209-d2ba-4007--S,2026-10-09,
12951-bffeb684-bdef-485e--S,2026-10-09,
12951-c03cac4e-ba77-44f9--S,2026-10-09,
12951-c1340124-2449-4ac2--S,2026-10-09,
12951-c2742f94-fbd6-41d5--S,2026-10-09,
12951-c2877c76-2fb7-4232--S,2026-10-09,
12951-c35aa095-c82d-440f--S,2026-10-09,
12951-c36af473-87dd-4d48--S,2026-10-09,
12951-c3a02c37-5905-446f--S,2026-10-09,
12951-c5cc27bf-128a-4eb7--S,2026-10-09,
12951-c643d64d-4603-440a--S,2026-10-09,
12951-c65d59e5-0f3d-4506--S,2026-10-09,
12951-c6fc4593-2de5-45d2--S,2026-10-09,
12951-c77ef555-3eff-4ba8--S,2026-10-09,
12951-c899d166-9b53-41e7--S,2026-10-09,
12951-cb25357b-76b6-44fa--S,2026-10-09,
12951-cb7628e3-4854-4d48--S,2026-10-09,
12951-ccf59241-72e0-4b81--S,2026-10-09,
12951-ce6bda44-d868-45a6--S,2026-10-09,
12951-cf39c1eb-5796-4ba8--S,2026-10-09,
12951-d055a806-e148-4f92--S,2026-10-09,
12951-d1523db9-fcdb-4799--S,2026-10-09,
12951-d1524510-d1d5-4a78--S,2026-10-09,
12951-d208e16d-b85e-4340--S,2026-10-09,
12951-d2c6747f-9606-4219--S,2026-10-09,
12951-d37f4591-1745-4115--S,2026-10-09,
12951-d5652d5a-f8f9-4216--S,2026-10-09,
12951-d672672f-0afa-469c--S,2026-10-09,
12951-d6988ac9-8677-4557--S,2026-10-09,
12951-d740bf9d-d79f-403c--S,2026-10-09,
12951-d8683082-a3ed-4fc5--S,2026-10-09,
12951-d8fc2383-d008-4714--S,2026-10-09,
12951-dc0db333-dcc2-4dd2--S,2026-10-09,
12951-dc34e3dc-39fd-49c0--S,2026-10-09,
12951-de08f6a3-9c69-4d21--S,2026-10-09,
12951-deac73e4-6166-4b0c--S,2026-10-09,
12951-dec3dd56-ed33-4ce3--S,2026-10-09,
12951-df119cf6-9eec-400a--S,2026-10-09,
12951-e1cb79d5-53b9-47b9--S,2026-10-09,
12951-e31fb89d-069e-470b--S,2026-10-09,
12951-e3872c3f-5cdc-4d87--S,2026-10-09,
12951-e74bd04f-040e-4754--S,2026-10-09,
12951-e8155ab0-02a6-4c1e--S,2026-10-09,
12951-e8a3575f-f56b-43f9--S,2026-10-09,
12951-e8e15199-b907-4545--S,2026-10-09,
12951-e9842022-b301-43a4--S,2026-10-09,
12951-eaadb743-f35f-4a21--S,2026-10-09,
12951-ebe8456c-f8d8-481f--S,2026-10-09,
12951-ec926317-c23c-4e98--S,2026-10-09,
12951-ef8a5f8e-34fb-4b8b--S,2026-10-09,
12951-f0cdf658-d9c1-4075--S,2026-10-09,
12951-f125384d-ff91-4076--S,2026-10-09,
12951-f35a74fd-53ea-4ccf--S,2026-10-09,
12951-f3c85810-64fc-49c4--S,2026-10-09,
12951-f47d833c-7904-4aca--S,2026-10-09,
12951-f49a4f96-19e2-4228--S,2026-10-09,
12951-f4ebe1be-8757-4171--S,2026-10-09,
12951-f6b5e3d9-a884-43ca--S,2026-10-09,
12951-f7541617-d8b9-4f29--S,2026-10-09,
12951-f7a518db-5eaa-46e7--S,2026-10-09,
12951-f9209a98-c82b-4b2a--S,2026-10-09,
12951-fbf6c8f9-bd63-49e0--S,2026-10-09,
12951-fd1d4cc4-3f6f-44d2--S,2026-10-09,
12951-fd50f39c-fc3e-4e01--S,2026-10-09,
12951-fde99a92-5f86-426c--S,2026-10-09,
12952-2026_1725313-S,2026-10-09,
12952-2026_1727254-S,2026-10-09,
12952-2026_1731851-S,2026-10-09,
13006-77159_65087-1-S,2026-10-09,
13011-44456714-921-S,2026-10-09,
13011-44459776-922-S,2026-10-09,
13035-124002632227210e-SO-S,2026-10-09,
13035-1240026333752c57-SO-S,2026-10-09,
13035-124002634163d7df-SO-S,2026-10-09,
13035-149900117689b025-SO-S,2026-10-09,
13087-44437669-911-S,2026-10-09,
13103-3131255_4055758-S,2026-10-09,
13151-1180607-4-S,2026-10-09,
13151-1188402-5-S,2026-10-09,
13151-1620788-2-S,2026-10-09,
13151-1624105-1-S,2026-10-09,
13151-1631875-1-S,2026-10-09,
13151-1631999-1-S,2026-10-09,2026-10-09
13151-1632003-1-S,2026-10-09,2026-10-09
13151-1632168-1-S,2026-10-09,2026-10-09
13151-1632182-1-S,2026-10-09,2026-10-09
13151-1632190-1-S,2026-10-09,2026-10-09
13151-1632624-1-S,2026-10-09,
13151-1632636-1-S,2026-10-09,
13151-1632797-1-S,2026-10-09,
13151-1632801-1-S,2026-10-09,
13151-1633021-1-S,2026-10-09,
13151-1633219-1-S,2026-10-09,
13151-1633512-1-S,2026-10-09,
13151-1633939-1-S,2026-10-09,
13151-1633950-1-S,2026-10-09,
13151-1633954-1-S,2026-10-09,
13151-1634139-1-S,2026-10-09,
13151-1634157-1-S,2026-10-09,
13151-1634167-1-S,2026-10-09,
13151-1634175-1-S,2026-10-09,
13151-1634734-1-S,2026-10-09,
13151-1634740-1-S,2026-10-09,
13151-1634742-1-S,2026-10-09,
13151-1635025-1-S,2026-10-09,
13151-1635246-1-S,2026-10-09,
13151-1635253-1-S,2026-10-09,
13151-1635259-1-S,2026-10-09,
13151-1635554-1-S,2026-10-09,
13151-1635564-1-S,2026-10-09,
13151-1635571-1-S,2026-10-09,
13151-1635579-1-S,2026-10-09,
13151-1635963-1-S,2026-10-09,
13151-1636120-1-S,2026-10-09,
13151-1636136-1-S,2026-10-09,
13151-1636359-1-S,2026-10-09,
13151-1636393-1-S,2026-10-09,
13151-1636396-1-S,2026-10-09,
13151-1636411-1-S,2026-10-09,
13151-1636626-1-S,2026-10-09,
13151-1636841-1-S,2026-10-09,
13151-1636875-1-S,2026-10-09,
13151-1637362-1-S,2026-10-09,
13151-1637525-1-S,2026-10-09,
13151-1637755-1-S,2026-10-09,
13151-1637782-1-S,2026-10-09,
13151-1637784-1-S,2026-10-09,
13151-1637798-1-S,2026-10-09,
13151-1637950-1-S,2026-10-09,
13151-1637972-1-S,2026-10-09,
13151-1638255-1-S,2026-10-09,
13151-1638264-1-S,2026-10-09,
13151-1638275-1-S,2026-10-09,
13151-1638289-1-S,2026-10-09,
13151-1638491-1-S,2026-10-09,
13151-1638501-1-S,2026-10-09,
13151-1638508-1-S,2026-10-09,
13151-1638511-1-S,2026-10-09,
13151-1638767-1-S,2026-10-09,
13151-1638786-1-S,2026-10-09,
13151-1638801-1-S,2026-10-09,
13151-1638808-1-S,2026-10-09,
13151-1638839-1-S,2026-10-09,
13151-1639011-1-S,2026-10-09,
13151-1639307-1-S,2026-10-09,
13151-1639704-1-S,2026-10-09,
13151-1639707-1-S,2026-10-09,
13151-1639712-1-S,2026-10-09,
13151-1639721-1-S,2026-10-09,
13151-1640052-1-S,2026-10-09,
13151-1640446-1-S,2026-10-09,
13151-1640460-1-S,2026-10-09,
13151-1640468-1-S,2026-10-09,
13151-1640472-1-S,2026-10-09,
13151-1640631-1-S,2026-10-09,
13151-1640634-1-S,2026-10-09,
13151-1640907-1-S,2026-10-09,
13151-1640911-1-S,2026-10-09,
13151-1640926-1-S,2026-10-09,
13151-1641072-1-S,2026-10-09,
13151-1641339-1-S,2026-10-09,
13151-1641349-1-S,2026-10-09,
13151-1641762-1-S,2026-10-09,
13151-1641776-1-S,2026-10-09,
13157-44438291-911-S,2026-10-09,
13157-44438450-911-S,2026-10-09,
13157-44487087-106-S,2026-10-09,
13183-8121-KORIAN1-S,2026-10-09,
13183-8122-KORIAN1-S,2026-10-09,
13218-220796_2026-S,2026-10-09,
13225-44079051-42-S,2026-10-09,
13235-454514378-S,2026-10-09,
13243-SDE-115115-JB-S,2026-10-09,
13334-00005f65f1c001-S,2026-10-09,
13334-00005f65f1c003-S,2026-10-09,
13334-00005f66a5c001-S,2026-10-09,
13334-00005f672fa001-S,2026-10-09,
13339-OUD0M3K8YDCLRZJR-S,2026-10-09,
13348-1633425-1-S,2026-10-09,
13348-1633426-1-S,2026-10-09,
13348-1638712-1-S,2026-10-09,
13348-1638713-1-S,2026-10-09,
13348-1639116-1-S,2026-10-09,
13348-1640576-1-S,2026-10-09,
13348-1640577-1-S,2026-10-09,
13348-1641679-1-S,2026-10-09,
13356-356186A049733C4-S,2026-10-09,
13359-j105S20086-50756-S,2026-10-09,
13359-j105S20087-50758-S,2026-10-09,
13452-BB-1586640-7878-115-S,2026-10-09,
13465-00021a67250001-S,2026-10-09,
13465-00021a67310001-S,2026-10-09,
13465-00021a67314001-S,2026-10-09,
13465-00021a67420002-S,2026-10-09,
13465-00021a6776b001-S,2026-10-09,
13465-00021a67b34001-S,2026-10-09,
13465-00021a67b40001-S,2026-10-09,
13465-00021a67ccf001-S,2026-10-09,
13465-00021a680ba001-S,2026-10-09,
13465-00021a6864f001-S,2026-10-09,
13465-00021a687ce001-S,2026-10-09,
13465-00021a687da001-S,2026-10-09,
13465-00021a68ac6001-S,2026-10-09,
13465-00021a68b32001-S,2026-10-09,
13509-000021101ed001-S,2026-10-09,
13509-00002110202002-S,2026-10-09,
13509-00002110449001-S,2026-10-09,
13509-000021104c5002-S,2026-10-09,
13509-000021107ce001-S,2026-10-09,
13509-0000211120b001-S,2026-10-09,
13509-00002111252001-S,2026-10-09,
13509-000021113d2001-S,2026-10-09,
13509-0000211147a001-S,2026-10-09,
13509-000021114af001-S,2026-10-09,
13509-00002111502001-S,2026-10-09,
13517-0000301b3b3001-S,2026-10-09,
13529-k13112.304-S,2026-10-09,
13529-k13112.371-S,2026-10-09,
13529-k13112.372-S,2026-10-09,
13635-0096124e_JB5256688-S,2026-10-09,
13635-01f3f492_JB5255109-S,2026-10-09,
13635-0284f06a_JB5247974-S,2026-10-09,
13635-03b4a33a_JB5253794-S,2026-10-09,
13635-08ebf167_JB5262894-S,2026-10-09,
13635-0b119143_JB5265370-S,2026-10-09,
13635-0e15c10e_JB5256997-S,2026-10-09,
13635-0ed472d4_JB5265286-S,2026-10-09,
13635-10e96ae0_JB5254366-S,2026-10-09,
13635-133d1266_JB5255555-S,2026-10-09,
13635-17a80eae_JB5265158-S,2026-10-09,
13635-185bc55e_JB5266855-S,2026-10-09,
13635-1aac445f_JB5145529-S,2026-10-09,
13635-1ae84822_JB5251419-S,2026-10-09,
13635-1b7105a8_JB5263671-S,2026-10-09,
13635-1c88bf6e_JB5263579-S,2026-10-09,
13635-1ff35869_JB5245895-S,2026-10-09,
13635-201d15ff_JB5249984-S,2026-10-09,
13635-207f30e6_JB5248876-S,2026-10-09,
13635-209cd7f1_JB5266681-S,2026-10-09,
13635-213aef1c_JB5267122-S,2026-10-09,
13635-214d69b3_JB5263110-S,2026-10-09,
13635-232d7e61_JB5255598-S,2026-10-09,
13635-25925843_JB5259299-S,2026-10-09,
13635-26732fbc_JB5063326-S,2026-10-09,
13635-2737caff_JB5259301-S,2026-10-09,
13635-28db8288_JB5266729-S,2026-10-09,
13635-2c8d4d3b_JB5244044-S,2026-10-09,2026-10-09
13635-2fc40e1e_JB5266017-S,2026-10-09,
13635-31357c1b_JB5248083-S,2026-10-09,
13635-335c225b_JB5219769-S,2026-10-09,
13635-3488d770_JB5255160-S,2026-10-09,
13635-35080f4e_JB5249604-S,2026-10-09,
13635-35a324e0_JB5256939-S,2026-10-09,
13635-37cdf475_JB5267056-S,2026-10-09,
13635-3c67f61c_JB5266695-S,2026-10-09,
13635-3cc4d317_JB5247770-S,2026-10-09,
13635-41001eb2_JB5264949-S,2026-10-09,
13635-4171cee8_JB5265437-S,2026-10-09,
13635-417797f1_JB5252762-S,2026-10-09,
13635-41ce238f_JB5247986-S,2026-10-09,
13635-45eadd40_JB5252339-S,2026-10-09,
13635-49f2c153_JB5244091-S,2026-10-09,2026-10-09
13635-4bd72563_JB5256789-S,2026-10-09,
13635-4f39b998_JB5257031-S,2026-10-09,
13635-503447b0_JB5263160-S,2026-10-09,
13635-5063a07d_JB5249944-S,2026-10-09,
13635-5182b9e4_JB5267213-S,2026-10-09,
13635-51a72613_JB5245909-S,2026-10-09,
13635-54149d05_JB5255105-S,2026-10-09,
13635-54f230ef_JB5267434-S,2026-10-09,
13635-57b77796_JB5244985-S,2026-10-09,
13635-5bad5acb_JB5257089-S,2026-10-09,
13635-5c26ae47_JB5255127-S,2026-10-09,
13635-5d28c35c_JB5249254-S,2026-10-09,
13635-624b375e_JB5263702-S,2026-10-09,
13635-63d5f181_JB5256634-S,2026-10-09,
13635-6444fd5e_JB5263170-S,2026-10-09,
13635-6493689b_JB5256837-S,2026-10-09,
13635-64afd544_JB5254254-S,2026-10-09,
13635-653f0249_JB5252775-S,2026-10-09,
13635-65975487_JB5266524-S,2026-10-09,
13635-67d612a8_JB5269248-S,2026-10-09,
13635-6859ec9c_JB5249786-S,2026-10-09,
13635-6b2b2072_JB5258293-S,2026-10-09,
13635-6c3721c1_JB5244822-S,2026-10-09,
13635-71eeb9b3_JB5264938-S,2026-10-09,
13635-72036086_JB5259718-S,2026-10-09,
13635-72190a61_JB5262126-S,2026-10-09,
13635-72e7d172_JB5251315-S,2026-10-09,
13635-73532b70_JB5258291-S,2026-10-09,
13635-741b6fe4_JB5267052-S,2026-10-09,
13635-74986c74_JB5259596-S,2026-10-09,
13635-7515f47a_JB5252340-S,2026-10-09,
13635-76b1c3c2_JB5263788-S,2026-10-09,
13635-7835dc93_JB5245894-S,2026-10-09,
13635-7933756f_JB5265108-S,2026-10-09,
13635-7a58333a_JB5249281-S,2026-10-09,
13635-7b20f394_JB5255949-S,2026-10-09,
13635-7b436835_JB5251300-S,2026-10-09,
13635-7b50f4bb_JB5265227-S,2026-10-09,
13635-7e68985b_JB5249958-S,2026-10-09,
13635-80531e80_JB5266209-S,2026-10-09,
13635-822c34a7_JB5262107-S,2026-10-09,
13635-82f23ef9_JB5246202-S,2026-10-09,
13635-83579341_JB5249980-S,2026-10-09,
13635-87f7981f_JB5245893-S,2026-10-09,
13635-8962ca2a_JB5267484-S,2026-10-09,
13635-89c64a34_JB5245890-S,2026-10-09,
13635-8b0ccfdb_JB5248952-S,2026-10-09,
13635-8ccb5a7f_JB5248396-S,2026-10-09,
13635-8d02db8a_JB5249244-S,2026-10-09,
13635-8e64117a_JB5252342-S,2026-10-09,
13635-8e888e60_JB5252147-S,2026-10-09,
13635-8fd62bae_JB5255094-S,2026-10-09,
13635-90a8e322_JB5248300-S,2026-10-09,
13635-91dd8bd7_JB5266664-S,2026-10-09,
13635-920d2dc9_JB5265160-S,2026-10-09,
13635-93d9e27a_JB5250859-S,2026-10-09,
13635-941693e2_JB5255115-S,2026-10-09,
13635-967a5b64_JB5256992-S,2026-10-09,
13635-97eb80a7_JB5142765-S,2026-10-09,
13635-97eeffea_JB5255106-S,2026-10-09,
13635-980b7d3c_JB5266919-S,2026-10-09,
13635-98e0ebce_JB5259517-S,2026-10-09,
13635-991d60f5_JB5259399-S,2026-10-09,
13635-992d1425_JB5245215-S,2026-10-09,
13635-99a14b15_JB5245261-S,2026-10-09,
13635-9a47ff0f_JB5249070-S,2026-10-09,
13635-Catch140_JB5171623-S,2026-10-09,
13635-a0dc46be_JB5267021-S,2026-10-09,
13635-a1cd9dad_JB5258083-S,2026-10-09,
13635-a2be195e_JB5259513-S,2026-10-09,
13635-a2e6da6b_JB5263795-S,2026-10-09,
13635-a52ce0f3_JB5245824-S,2026-10-09,
13635-a5c8081b_JB5259504-S,2026-10-09,
13635-a7fe8f75_JB5247791-S,2026-10-09,
13635-a99f78cd_JB5262884-S,2026-10-09,
13635-ab2b60fd_JB5267837-S,2026-10-09,
13635-ace6322a_JB5251216-S,2026-10-09,
13635-ad3cb3fb_JB5267787-S,2026-10-09,
13635-b4fd17ae_JB5249946-S,2026-10-09,
13635-b859d636_JB5256920-S,2026-10-09,
13635-b9af87f6_JB5254644-S,2026-10-09,
13635-be71eb79_JB5248585-S,2026-10-09,
13635-c2ac9938_JB5245065-S,2026-10-09,
13635-c30339fe_JB5259398-S,2026-10-09,
13635-c38e75b2_JB5265407-S,2026-10-09,
13635-c56c0de0_JB5255542-S,2026-10-09,
13635-c8b416bd_JB5263644-S,2026-10-09,
13635-c9445d33_JB5248927-S,2026-10-09,
13635-cb5e3504_JB5261437-S,2026-10-09,
13635-cf26f879_JB5260469-S,2026-10-09,
13635-cfccff0a_JB5248170-S,2026-10-09,
13635-d0191c11_JB5249389-S,2026-10-09,
13635-d2c535f2_JB5265242-S,2026-10-09,
13635-d357faaa_JB5261928-S,2026-10-09,
13635-d508143f_JB5251068-S,2026-10-09,
13635-d56e532c_JB5265089-S,2026-10-09,
13635-d6eab1a1_JB5267720-S,2026-10-09,
13635-d92b2bc7_JB5222110-S,2026-10-09,
13635-dc5ddd10_JB5146699-S,2026-10-09,
13635-dcb9c40e_JB5258401-S,2026-10-09,
13635-dd597b4d_JB5263825-S,2026-10-09,
13635-ddc0b2fc_JB5268710-S,2026-10-09,
13635-dde9cc19_JB5252146-S,2026-10-09,
13635-dfd5d056_JB5248790-S,2026-10-09,
13635-e00d460f_JB5267057-S,2026-10-09,
13635-e2649a39_JB5248898-S,2026-10-09,
13635-e65ea764_JB5259843-S,2026-10-09,
13635-e91aa729_JB5252149-S,2026-10-09,
13635-ea0ccde0_JB5255150-S,2026-10-09,
13635-ea1b0f99_JB5244131-S,2026-10-09,2026-10-09
13635-ebd79979_JB5260495-S,2026-10-09,
13635-ec762dca_JB5267472-S,2026-10-09,
13635-ed15dcf5_JB5263814-S,2026-10-09,
13635-ed8af295_JB5252777-S,2026-10-09,
13635-eef3f849_JB5266694-S,2026-10-09,
13635-eef44b00_JB5249897-S,2026-10-09,
13635-f19f8127_JB5260698-S,2026-10-09,
13635-f1e94998_JB5260500-S,2026-10-09,
13635-f21438c0_JB5253866-S,2026-10-09,
13635-f21cc1c7_JB5254861-S,2026-10-09,
13635-f4fa2cc4_JB5254307-S,2026-10-09,
13635-f54f5a07_JB5267060-S,2026-10-09,
13635-f5bc5884_JB5262863-S,2026-10-09,
13635-f61d5f19_JB5248433-S,2026-10-09,
13635-f6518884_JB5265245-S,2026-10-09,
13635-f72d40a7_JB5260686-S,2026-10-09,
13635-f746de10_JB5254362-S,2026-10-09,
13635-f7a9f9cf_JB5245964-S,2026-10-09,
13635-f8eb4c11_JB5256669-S,2026-10-09,
13635-f8ec6440_JB5259530-S,2026-10-09,
13635-f8fd2935_JB5253807-S,2026-10-09,
13635-f989b4ee_JB5266222-S,2026-10-09,
13635-fcaedb96_JB5249519-S,2026-10-09,
13635-feeda7ee_JB5266993-S,2026-10-09,
13635-ff60ca13_JB5248781-S,2026-10-09,
13635-ffe3f0e6_JB5264927-S,2026-10-09,
13635-js_bc_48_JB4018234-S,2026-10-09,
13635-js_bc_74_JB4844076-S,2026-10-09,
13635-js_bc_76_JB4926838-S,2026-10-09,
13635-js_bc_81_JB5101267-S,2026-10-09,
13635-js_bc_827_JB4686151-S,2026-10-09,
13635-js_bc_84_JB5174580-S,2026-10-09,
13635-js_bc_85_JB5197779-S,2026-10-09,
13635-js_bc_86_JB5243277-S,2026-10-09,
13635-js_bc_87_JB5259089-S,2026-10-09,
13635-js_bc_87_JB5265723-S,2026-10-09,
13635-js_bc_87_JB5265724-S,2026-10-09,
13635-js_bl_16_JB5159927-S,2026-10-09,
13635-js_gp_288_JB5238192-S,2026-10-09,
13635-js_gp_291_JB5243514-S,2026-10-09,
13635-js_nu_10_JB4640901-S,2026-10-09,
13635-js_rv_19_JB3830630-S,2026-10-09,
13635-js_rv_56_JB5185262-S,2026-10-09,
13635-js_rv_58_JB5247801-S,2026-10-09,
13635-js_rv_58_JB5259854-S,2026-10-09,
13635-js_rw_649_JB5192531-S,2026-10-09,
13635-js_tue_4_JB5254126-S,2026-10-09,
13640-JOB-847081-S,2026-10-09,
13644-236949-S,2026-10-09,
13644-288182-S,2026-10-09,
13644-307154-S,2026-10-09,
13644-311318-S,2026-10-09,
13644-312909-S,2026-10-09,
13644-312991-S,2026-10-09,
13645-279288-S,2026-10-09,
13645-280731-S,2026-10-09,
13645-280732-S,2026-10-09,
13645-280733-S,2026-10-09,
13645-280735-S,2026-10-09,
13645-286414-S,2026-10-09,
13645-286731-S,2026-10-09,
13645-286779-S,2026-10-09,
13645-287107-S,2026-10-09,
13645-287951-S,2026-10-09,
13649-11292284AB-S,2026-10-09,
13649-12037976AB-S,2026-10-09,
13649-12254911AB-S,2026-10-09,
13649-12261857AB-S,2026-10-09,
13649-12724705AB-S,2026-10-09,
13649-13178671AB-S,2026-10-09,2026-10-09
13649-13275837AB-S,2026-10-09,
13649-13296451AB-S,2026-10-09,
13652-JOB-854779-S,2026-10-09,
13652-JOB-857858-S,2026-10-09,
13660-956960794-S,2026-10-09,
13660-972073558-S,2026-10-09,
13660-974321156-S,2026-10-09,
13755-44450434-917-S,2026-10-09,
13755-44455782-921-S,2026-10-09,
13755-44455916-921-S,2026-10-09,
13755-44461106-923-S,2026-10-09,
13755-44474639-930-S,2026-10-09,
13884-141140-S,2026-10-09,
13884-141168-S,2026-10-09,
13884-145927-S,2026-10-09,
13884-298881-S,2026-10-09,
13884-309539-S,2026-10-09,
13884-324062-S,2026-10-09,
13884-327007-S,2026-10-09,
13884-340537-S,2026-10-09,
13884-341206-S,2026-10-09,
13884-341207-S,2026-10-09,
13884-343578-S,2026-10-09,
13884-343653-S,2026-10-09,
13884-344121-S,2026-10-09,
13884-345387-S,2026-10-09,
13884-345506-S,2026-10-09,
13884-345518-S,2026-10-09,
13884-345641-S,2026-10-09,
13884-345955-S,2026-10-09,
13884-345965-S,2026-10-09,
13884-346298-S,2026-10-09,
13884-346767-S,2026-10-09,
13884-347076-S,2026-10-09,
13892-3140153_4074585-S,2026-10-09,
13892-3141316_4077239-S,2026-10-09,
13916-44467248-925-S,2026-10-09,
13999-k53401.33578-S,2026-10-09,
13999-k53401.33713-S,2026-10-09,
13999-k53401.33732-S,2026-10-09,
13999-k53401.33733-S,2026-10-09,
13999-k53401.33781-S,2026-10-09,
13999-k53401.33816-S,2026-10-09,
13999-k53401.33817-S,2026-10-09,
13999-k53401.7351-S,2026-10-09,
14005-44363209-86-S,2026-10-09,
14005-44389639-819-S,2026-10-09,
14005-44417946-93-S,2026-10-09,
14005-44463629-924-S,2026-10-09,
14011-43429196-63-S,2026-10-09,
14011-43994199-224-S,2026-10-09,
14011-44238181-611-S,2026-10-09,
14011-44238352-611-S,2026-10-09,
14011-44281502-630-S,2026-10-09,
14011-44443919-915-S,2026-10-09,
14011-44470917-928-S,2026-10-09,
14011-44484472-105-S,2026-10-09,
14011-44487263-106-S,2026-10-09,
14080-JOB-269387-S,2026-10-09,
14080-JOB-851180-S,2026-10-09,
14081-JOB-762659-S,2026-10-09,
14081-JOB-821870-S,2026-10-09,
14089-01493904-S,2026-10-09,
14089-01494650-S,2026-10-09,
14089-01497521-S,2026-10-09,
14089-01497676-S,2026-10-09,
14089-01498112-S,2026-10-09,
14089-01499952-S,2026-10-09,
14089-01500549-S,2026-10-09,
14108-0000460ae7f001-S,2026-10-09,
14108-0000460aedf001-S,2026-10-09,
14133-k32921.5991-S,2026-10-09,
14184-k21982.2939-S,2026-10-09,
14225-04a8c0b4529dda16-S,2026-10-09,
14225-06d48eadc921e24f-S,2026-10-09,
14225-10fa587b525787e6-S,2026-10-09,
14225-24180e6319acaf99-S,2026-10-09,
14225-2bc64d20d0f58e77-S,2026-10-09,
14225-30edcab8d19004a9-S,2026-10-09,
14225-3170264583da19a7-S,2026-10-09,
14225-3ea1684d09c0b625-S,2026-10-09,
14225-3f8806f85e93b164-S,2026-10-09,
14225-3fc5e97d054fad89-S,2026-10-09,
14225-422f9ad926ad6621-S,2026-10-09,
14225-424474e47ddda0c5-S,2026-10-09,
14225-4a8a8e02706368c7-S,2026-10-09,
14225-4ab721c07d01f255-S,2026-10-09,
14225-58b08eb04bbc5401-S,2026-10-09,
14225-5a7fe459158a55e7-S,2026-10-09,
14225-66eb5281e0a34f35-S,2026-10-09,
14225-6f4acb6bf6121973-S,2026-10-09,
14225-6f7174e132f90525-S,2026-10-09,
14225-8717b5a52bf8c17c-S,2026-10-09,
14225-894dfb8d04aeadfb-S,2026-10-09,
14225-9ceb77e5a029d376-S,2026-10-09,
14225-a639c345d88d01bd-S,2026-10-09,
14225-e1a66810683befbe-S,2026-10-09,
14225-e510c1e9ac5f0814-S,2026-10-09,
14225-f1cb553ca105329c-S,2026-10-09,
14225-f3b150f13ad626d3-S,2026-10-09,
14244-BB-439956-7878-5184-S,2026-10-09,
14244-BB-439963-7878-2101-S,2026-10-09,
14244-BB-439991-7878-5481-S,2026-10-09,
14244-BB-440034-7878-6068-S,2026-10-09,
14244-BB-440034-7878-8302-S,2026-10-09,
14244-BB-440058-7878-2583-S,2026-10-09,
14244-BB-440097-7878-8419-S,2026-10-09,
14244-BB-440100-7878-9255-S,2026-10-09,
14244-BB-440122-7878-7104-S,2026-10-09,
14244-BB-440135-7878-4159-S,2026-10-09,
14246-k24007.8117-5-S,2026-10-09,
14246-k24007.8695-5-S,2026-10-09,
14260-000453038e0001-S,2026-10-09,
14260-000453038f8001-S,2026-10-09,
14271-1447174-1-S,2026-10-09,
14271-1447472-2-S,2026-10-09,
14271-1447474-2-S,2026-10-09,
14271-1598017-1-S,2026-10-09,
14271-1629029-1-S,2026-10-09,
14319-00055c04112001-S,2026-10-09,
14332-00002f2c080001-S,2026-10-09,
14332-00002f2c080004-S,2026-10-09,
14332-00002f2d55f001-S,2026-10-09,
14340-475289481-S,2026-10-09,
14340-475289515-S,2026-10-09,
14343-2346073-S,2026-10-09,
14350-BB-4648-7878-688901-S,2026-10-09,
14350-BB-5275-7878-278307-S,2026-10-09,
14350-BB-5275-7878-712859-S,2026-10-09,
14350-BB-5275-7878-871669-S,2026-10-09,
14358-44445346-915-S,2026-10-09,
14373-k36443.4250-S,2026-10-09,
14373-k36443.4265-S,2026-10-09,
14385-403-2921P-26-S,2026-10-09,
14385-419-2990P-26-S,2026-10-09,
14385-422-2954P-26-S,2026-10-09,
14385-469-2963P-26-S,2026-10-09,
14385-482-1064P-25-S,2026-10-09,
14385-482-2945P-26-S,2026-10-09,
14385-482-3012P-26-S,2026-10-09,
14407-43800-S,2026-10-09,
14421-00076d1d3e7001-S,2026-10-09,
14452-0044557577-S,2026-10-09,
14456-k11173.26972-S,2026-10-09,
14456-k11173.26973-S,2026-10-09,
14456-k11173.28160-S,2026-10-09,
14456-k11173.28180-S,2026-10-09,
14456-k11173.28281-S,2026-10-09,
14456-k11173.28574-S,2026-10-09,
14456-k11173.28781-S,2026-10-09,
14472-r22686-S,2026-10-09,
14627-0067978002-S,2026-10-09,
14751-206A15512-S,2026-10-09,
14751-373A137055-S,2026-10-09,
14751-373A137180-S,2026-10-09,
14751-414A227-S,2026-10-09,
14751-414A230-S,2026-10-09,
14751-414A231-S,2026-10-09,
14751-414A232-S,2026-10-09,
14751-414A233-S,2026-10-09,
14751-414A241-S,2026-10-09,
14751-414A243-S,2026-10-09,
14751-46A7105-S,2026-10-09,
14763-44251649-617-S,2026-10-09,
14763-44278829-629-S,2026-10-09,
14763-44285194-71-S,2026-10-09,
14763-44389407-819-S,2026-10-09,
14763-44418139-93-S,2026-10-09,
14763-44446865-916-S,2026-10-09,
14763-44447283-916-S,2026-10-09,
14763-44477996-101-S,2026-10-09,
14763-44480824-102-S,2026-10-09,
14763-44487011-106-S,2026-10-09,
14774-BB-550822-12683-265-S,2026-10-09,
14774-BB-550825-12683-282-S,2026-10-09,
14774-BB-562118-12683-318-S,2026-10-09,
14774-BB-563050-12683-364-S,2026-10-09,
14774-BB-563380-12683-290-S,2026-10-09,
14774-BB-563380-12683-922-S,2026-10-09,
14774-BB-563501-12683-283-S,2026-10-09,
14774-BB-563501-12683-537-S,2026-10-09,
14774-BB-563757-12683-547-S,2026-10-09,
14774-BB-564806-12683-101-S,2026-10-09,
14774-BB-564811-12683-427-S,2026-10-09,
14774-BB-565161-12683-674-S,2026-10-09,
14795-38309_114313-S,2026-10-09,
14795-68581_124083-S,2026-10-09,
14795-70006_124365-S,2026-10-09,
14820-0064601318-S,2026-10-09,
14829-932115724-S,2026-10-09,
14829-932115916-S,2026-10-09,
14829-932116650-S,2026-10-09,
14891-0067691237-S,2026-10-09,
14891-0067885832-S,2026-10-09,
14893-0067173350-S,2026-10-09,
14910-3245NVEJDOF1ZX71-S,2026-10-09,
14910-EGECK64Q03P0094Z-S,2026-10-09,
14922-142052-S,2026-10-09,
14922-142313-S,2026-10-09,
14922-143560-S,2026-10-09,
14922-143561-S,2026-10-09,
14922-144676-S,2026-10-09,
14927-12uhyyntdvd-S,2026-10-09,
14927-13cj3jku1fh-S,2026-10-09,
14927-157jkczfkoo-S,2026-10-09,
14927-1d4gv9jrlds-S,2026-10-09,
14927-1oqzduqg3nl-S,2026-10-09,
14927-1vbu5fng61-S,2026-10-09,
14927-222zuutg43u-S,2026-10-09,
14927-2giq5yr75bv-S,2026-10-09,
14927-2pymp2ozt3b-S,2026-10-09,
14927-3jn0umyj9e-S,2026-10-09,
14927-5m0a1g5tz6-S,2026-10-09,
14927-7w6npfl7mj-S,2026-10-09,
14927-b4mg1v-S,2026-10-09,
14927-dz4nmm-S,2026-10-09,
14927-ls4fiz1p0g-S,2026-10-09,
14927-t58hync03b-S,2026-10-09,
14953-44459763-101-S,2026-10-09,
14960-0066043688-S,2026-10-09,
15023-000753018f6001-S,2026-10-09,
15023-0007530190a002-S,2026-10-09,
15054-0011596:03-S,2026-10-09,
15086-44028647-311-S,2026-10-09,
15086-44224344-64-S,2026-10-09,
15086-44243424-613-S,2026-10-09,
15086-44292188-77-S,2026-10-09,
15086-44299669-78-S,2026-10-09,
15086-44303078-79-S,2026-10-09,
15086-44303624-79-S,2026-10-09,
15086-44309461-713-S,2026-10-09,
15086-44316015-715-S,2026-10-09,
15086-44342031-728-S,2026-10-09,
15086-44359299-85-S,2026-10-09,
15086-44360085-85-S,2026-10-09,
15086-44397819-824-S,2026-10-09,
15086-44413195-91-S,2026-10-09,
15086-44449800-917-S,2026-10-09,
15086-44470722-928-S,2026-10-09,
15086-44492353-108-S,2026-10-09,
15112-44318015-716-S,2026-10-09,
15112-44376724-813-S,2026-10-09,
15112-44398533-824-S,2026-10-09,
15112-44442588-914-S,2026-10-09,
15112-44445501-915-S,2026-10-09,
15112-44461975-923-S,2026-10-09,
15112-44477542-101-S,2026-10-09,
15120-1636147-1-S,2026-10-09,
15120-1637106-1-S,2026-10-09,
15158-2026277754-S,2026-10-09,
15224-44422478-97-S,2026-10-09,
15224-44435590-910-S,2026-10-09,
15224-44444548-915-S,2026-10-09,
15224-44473214-929-S,2026-10-09,
15224-44475385-930-S,2026-10-09,
15224-44476067-930-S,2026-10-09,
15224-44487616-106-S,2026-10-09,
15235-k43552.239526-S,2026-10-09,
15235-k43552.85808-S,2026-10-09,
15252-k45286.1532-S,2026-10-09,
15252-k45286.1544-S,2026-10-09,
15253-KZXF2CLTGI7CIUQ4-S,2026-10-09,
15262-0057529388-S,2026-10-09,
15262-0057530533-S,2026-10-09,
15262-0057530808-S,2026-10-09,
15356-44470901-928-S,2026-10-09,
15356-44489266-107-S,2026-10-09,
15375-0067955707-S,2026-10-09,
15417-09fa075149f0dd0f-S,2026-10-09,
15470-0066744618-S,2026-10-09,
15474-36353-S,2026-10-09,
15531-0063556734-S,2026-10-09,
15531-mgDYzE3D-S,2026-10-09,
15531-xRxntdld-S,2026-10-09,
15533-485663420-S,2026-10-09,
15537-JOB-850049-S,2026-10-09,
15537-JOB-852913-S,2026-10-09,
15537-JOB-863087-S,2026-10-09,
15537-JOB-863103-S,2026-10-09,
15537-JOB-863136-S,2026-10-09,
15537-JOB-863153-S,2026-10-09,
15537-JOB-863193-S,2026-10-09,
15548-1434332-3-S,2026-10-09,
15548-1435415-1-S,2026-10-09,
15548-1436056-1-S,2026-10-09,
15548-1436058-1-S,2026-10-09,
15548-1436059-1-S,2026-10-09,
15548-1436061-5-S,2026-10-09,
15548-1436065-1-S,2026-10-09,
15548-1441931-1-S,2026-10-09,
15548-1441937-2-S,2026-10-09,
15548-1442254-1-S,2026-10-09,
15548-1451388-1-S,2026-10-09,
15548-1465504-1-S,2026-10-09,
15548-1465510-1-S,2026-10-09,
15548-1465810-1-S,2026-10-09,
15548-1466633-1-S,2026-10-09,
15548-1466634-1-S,2026-10-09,
15548-1468348-1-S,2026-10-09,
15548-1470193-2-S,2026-10-09,
15625-AAD8BV2SNY8JCMBH-S,2026-10-09,
15639-453502248-S,2026-10-09,
15639-472184440-S,2026-10-09,
15639-483217575-S,2026-10-09,
15704-k52743.13252-S,2026-10-09,
15794-457834_45667-1-S,2026-10-09,
15794-463907_47168-1-S,2026-10-09,
15794-466656_48205-1-S,2026-10-09,
15794-468652_48996-1-S,2026-10-09,
15794-468654_48573-1-S,2026-10-09,
15794-468655_49096-1-S,2026-10-09,
15794-468660_48347-1-S,2026-10-09,
15794-468664_48634-1-S,2026-10-09,
15794-468666_48224-1-S,2026-10-09,
15794-468672_48912-1-S,2026-10-09,
15794-468673_48243-1-S,2026-10-09,
15794-468921_49258-1-S,2026-10-09,
15794-468922_48673-1-S,2026-10-09,
15794-468931_49281-1-S,2026-10-09,
15794-468933_48220-1-S,2026-10-09,
15794-469209_49013-1-S,2026-10-09,
15794-470506_49984-1-S,2026-10-09,
15794-471450_50394-1-S,2026-10-09,
15794-471472_50329-1-S,2026-10-09,
15794-471478_50313-1-S,2026-10-09,
15794-471625_50465-1-S,2026-10-09,
15794-471639_50457-1-S,2026-10-09,
15794-471664_50483-1-S,2026-10-09,
15794-471686_50487-1-S,2026-10-09,
15836-44424856-98-S,2026-10-09,
15836-44424945-98-S,2026-10-09,
15861-44438635-911-S,2026-10-09,
15861-44463989-924-S,2026-10-09,
15903-nfh6ouos9c-S,2026-10-09,
15933-0067008310-S,2026-10-09,
15933-0067034735-S,2026-10-09,
15938-0067701842-S,2026-10-09,
15939-BB-633348-7878-2901-S,2026-10-09,
15939-BB-633375-7878-7166-S,2026-10-09,
15939-BB-633500-7878-5000-S,2026-10-09,
15939-BB-633519-7878-8720-S,2026-10-09,
15939-BB-633753-7878-4798-S,2026-10-09,
15939-BB-633783-7878-8203-S,2026-10-09,
15939-BB-633787-7878-1366-S,2026-10-09,
15939-BB-633794-7878-3949-S,2026-10-09,
15939-BB-633823-7878-5434-S,2026-10-09,
15939-BB-633893-7878-1861-S,2026-10-09,
15939-BB-633916-7878-1298-S,2026-10-09,
15939-BB-633975-7878-6326-S,2026-10-09,
15939-BB-633979-7878-8508-S,2026-10-09,
15939-BB-633983-7878-7402-S,2026-10-09,
15939-BB-633992-7878-2281-S,2026-10-09,
15939-BB-634138-7878-9251-S,2026-10-09,
15939-BB-634171-7878-1890-S,2026-10-09,
15939-BB-634246-7878-4666-S,2026-10-09,
15939-BB-634382-7878-6704-S,2026-10-09,
15939-BB-634509-7878-8904-S,2026-10-09,
15939-BB-634579-7878-9556-S,2026-10-09,
15939-BB-634597-7878-8627-S,2026-10-09,
15939-BB-634617-7878-8148-S,2026-10-09,
15939-BB-634732-7878-1119-S,2026-10-09,
15939-BB-634771-7878-9787-S,2026-10-09,
15939-BB-634778-7878-9219-S,2026-10-09,
15939-BB-634789-7878-2431-S,2026-10-09,
15939-BB-634843-7878-5414-S,2026-10-09,
15939-BB-634899-7878-4999-S,2026-10-09,
15939-BB-634927-7878-5633-S,2026-10-09,
15939-BB-634934-7878-5561-S,2026-10-09,
15939-BB-634955-7878-7516-S,2026-10-09,
15939-BB-634973-7878-9008-S,2026-10-09,
15939-BB-635006-7878-4991-S,2026-10-09,
15939-BB-635007-7878-7700-S,2026-10-09,
15939-BB-635009-7878-6185-S,2026-10-09,
15939-BB-635255-7878-2546-S,2026-10-09,
15939-BB-635264-7878-3582-S,2026-10-09,
15939-BB-635286-7878-4247-S,2026-10-09,
15939-BB-635290-7878-1645-S,2026-10-09,
15939-BB-635303-7878-4584-S,2026-10-09,
15939-BB-635310-7878-4423-S,2026-10-09,
15939-BB-635315-7878-4804-S,2026-10-09,
15939-BB-635317-7878-5093-S,2026-10-09,
15939-BB-635318-7878-9681-S,2026-10-09,
15939-BB-635319-7878-9292-S,2026-10-09,
15939-BB-635334-7878-8870-S,2026-10-09,
15939-BB-635340-7878-9872-S,2026-10-09,
15939-BB-635341-7878-1301-S,2026-10-09,
15939-BB-635345-7878-6200-S,2026-10-09,
15939-BB-635346-7878-5699-S,2026-10-09,
15939-BB-635349-7878-5951-S,2026-10-09,
15939-BB-635351-7878-4706-S,2026-10-09,
15939-BB-635352-7878-8842-S,2026-10-09,
15939-BB-635353-7878-4288-S,2026-10-09,
15939-BB-635363-7878-9736-S,2026-10-09,
15939-BB-635370-7878-8321-S,2026-10-09,
15939-BB-635374-7878-4200-S,2026-10-09,
15939-BB-635389-7878-2001-S,2026-10-09,
15939-BB-635390-7878-4709-S,2026-10-09,
15939-BB-635419-7878-7774-S,2026-10-09,
15939-BB-635437-7878-3068-S,2026-10-09,
15939-BB-635440-7878-7068-S,2026-10-09,
15939-BB-635444-7878-6850-S,2026-10-09,
15939-BB-635445-7878-2950-S,2026-10-09,
15939-BB-635456-7878-2799-S,2026-10-09,
15939-BB-635474-7878-9310-S,2026-10-09,
15939-BB-635480-7878-8902-S,2026-10-09,
15939-BB-635483-7878-7012-S,2026-10-09,
15939-BB-635492-7878-6012-S,2026-10-09,
15939-BB-635494-7878-3559-S,2026-10-09,
15939-BB-635495-7878-1464-S,2026-10-09,
15939-BB-635520-7878-3006-S,2026-10-09,
15939-BB-635522-7878-4684-S,2026-10-09,
15939-BB-635524-7878-4369-S,2026-10-09,
15939-BB-635538-7878-9219-S,2026-10-09,
15939-BB-635540-7878-7879-S,2026-10-09,
15939-BB-635541-7878-7892-S,2026-10-09,
15939-BB-635542-7878-5706-S,2026-10-09,
15939-BB-635543-7878-6748-S,2026-10-09,
15986--3fd5f3b-S,2026-10-09,
15986-44927-1-S,2026-10-09,
15986-45046-1-S,2026-10-09,
15986-45396-1-S,2026-10-09,
15986-45508-1-S,2026-10-09,
15986-45588-1-S,2026-10-09,
15986-45590-1-S,2026-10-09,
15986-45599-1-S,2026-10-09,
15986-45603-1-S,2026-10-09,
15986-45611-1-S,2026-10-09,
15986-45714-1-S,2026-10-09,
15986-45721-1-S,2026-10-09,
15986-45725-1-S,2026-10-09,
15986-45738-1-S,2026-10-09,
15986-REF281655F-c6f3331-S,2026-10-09,
15986-REF282174F-70999bc-S,2026-10-09,
15986-REF282932Y-a229264-S,2026-10-09,
15986-REF283419S-bb59ec7-S,2026-10-09,
15986-REF284354T-373e83c-S,2026-10-09,
15986-REF284410H-8a8e2ff-S,2026-10-09,
15986-REF284416H-cf297a7-S,2026-10-09,
15986-REF284914P-28507bb-S,2026-10-09,
15986-REF285550J-61c65ad-S,2026-10-09,
15986-REF286800T-e0b7b3c-S,2026-10-09,
15986-REF288902C-063bb19-S,2026-10-09,
15986-REF289860D-a9a364d-S,2026-10-09,
15986-REF290258I-ba906f9-S,2026-10-09,
15986-REF290487E-8c90e59-S,2026-10-09,
15986-REF290495W-3c84f6a-S,2026-10-09,
15986-REF290873K-2aae5d8-S,2026-10-09,
15986-REF291133E-ffe0ce8-S,2026-10-09,
15986-REF291307U-e1d0cc6-S,2026-10-09,
15986-REF291310T-9ae2f63-S,2026-10-09,
15986-REF291921G-f989deb-S,2026-10-09,
15986-REF292351Q-91110aa-S,2026-10-09,
15986-REF293890S-dc3a39d-S,2026-10-09,
15986-REF293966W-fd26db4-S,2026-10-09,
15986-REF294063A-aca4267-S,2026-10-09,
15986-REF294092P-e0fbcf1-S,2026-10-09,
15986-REF294096C-d1aeefd-S,2026-10-09,
15986-REF294246D-db7d8fd-S,2026-10-09,
15986-REF294329E-a2dcc48-S,2026-10-09,
15986-REF294857Q-8e4740b-S,2026-10-09,
15986-REF294859H-fd736e0-S,2026-10-09,
15986-REF294880Y-e1a634d-S,2026-10-09,
15986-REF294892P-f2e7e9f-S,2026-10-09,
15986-REF294896E-6c97a64-S,2026-10-09,
15986-REF294898D-96ddbaa-S,2026-10-09,
15986-REF294975Z-11a1e71-S,2026-10-09,
15986-REF294981R-8145144-S,2026-10-09,
15986-REF295096N-8a76603-S,2026-10-09,
15986-REF295106F-44fa390-S,2026-10-09,
15986-REF295114J-4107c52-S,2026-10-09,
15986-REF295265N-24746f5-S,2026-10-09,
15986-REF295283U-795ed77-S,2026-10-09,
15986-REF295286V-4a2cd6e-S,2026-10-09,
15986-REF295465V-1ad8bbf-S,2026-10-09,
15986-REF295892I-8810947-S,2026-10-09,
15986-REF295904R-810170e-S,2026-10-09,
15986-REF295921V-8e003a4-S,2026-10-09,
15986-REF295922K-c50d8f5-S,2026-10-09,
15986-REF296025O-e41c312-S,2026-10-09,
15986-REF296089Z-884c7d4-S,2026-10-09,
15986-REF296184S-b7720be-S,2026-10-09,
15986-REF296207V-d62a03c-S,2026-10-09,
15986-REF296284W-8a9da6d-S,2026-10-09,
15986-REF296744B-3d3f90d-S,2026-10-09,
15986-REF296760W-7bfde0a-S,2026-10-09,
15986-REF296901Q-a3a7b75-S,2026-10-09,
15986-REF297778F-b4b2635-S,2026-10-09,
15986-REF297912G-a95574a-S,2026-10-09,
15986-REF297918U-ee74074-S,2026-10-09,
15986-REF297923H-124a08b-S,2026-10-09,
15986-REF298018H-a51405d-S,2026-10-09,
15986-REF298031G-2bd7723-S,2026-10-09,
15986-REF298149F-5a06444-S,2026-10-09,
16012-44344346-729-S,2026-10-09,
16012-44412180-91-S,2026-10-09,
16045-k56465.3120-S,2026-10-09,
16045-k56465.3181-S,2026-10-09,
16049-YE6ZTN31L5BY2DVJ-S,2026-10-09,
16088-3114326_4023030-S,2026-10-09,
16194-00003106c0b001-S,2026-10-09,
16194-00003106c8a001-S,2026-10-09,
16194-00003106cb7001-S,2026-10-09,
16194-00003106cea001-S,2026-10-09,
16308-0066087663-S,2026-10-09,
16334-ljz5761j9vxpua03jd-S,2026-10-09,
16460-0060601870-S,2026-10-09,
16470-44332108-723-S,2026-10-09,
16470-44445531-915-S,2026-10-09,
16470-44465109-924-S,2026-10-09,
16470-44477916-101-S,2026-10-09,
16481-1116199-S,2026-10-09,
16481-1699126-S,2026-10-09,
16481-1917509-S,2026-10-09,
16481-1917549-S,2026-10-09,
16481-1932835-S,2026-10-09,
16495-0067199160-S,2026-10-09,
16543-950601-006-S,2026-10-09,
16543-959910-006-S,2026-10-09,
16543-968701-006-S,2026-10-09,
16567-44318914-716-S,2026-10-09,
16567-44405904-827-S,2026-10-09,
16576-2026uvdg6411-000-S,2026-10-09,
16604-964025-008-S,2026-10-09,
16604-965412-008-S,2026-10-09,
16604-966288-008-S,2026-10-09,
16604-970721-008-S,2026-10-09,
16604-970726-008-S,2026-10-09,
16604-970752-008-S,2026-10-09,
16604-970765-008-S,2026-10-09,
16604-970852-008-S,2026-10-09,
16604-970989-008-S,2026-10-09,
16604-971122-008-S,2026-10-09,
16604-971892-008-S,2026-10-09,
16604-971955-008-S,2026-10-09,
16604-972000-008-S,2026-10-09,
16604-972138-008-S,2026-10-09,
16604-972189-008-S,2026-10-09,
16604-972190-008-S,2026-10-09,
16604-972420-008-S,2026-10-09,
16604-972596-008-S,2026-10-09,
16604-972851-008-S,2026-10-09,
16604-972852-008-S,2026-10-09,
16604-973233-008-S,2026-10-09,
16604-JR0000013878-008-S,2026-10-09,
16604-JR0000014121-008-S,2026-10-09,
16604-JR0000014132-008-S,2026-10-09,
16604-JR0000014134-008-S,2026-10-09,
16633-202697oiwkep-000-S,2026-10-09,
16707-0062215949-S,2026-10-09,
16707-0067181525-S,2026-10-09,
16724-0067492667-S,2026-10-09,
16751-144866-S,2026-10-09,
16752-r18191-S,2026-10-09,
16752-r18193-S,2026-10-09,
16769-2024silmzgqs-000-S,2026-10-09,
16771-0067837422-S,2026-10-09,
16818-100706665-S,2026-10-09,
16818-100707665-S,2026-10-09,
16818-100707666-S,2026-10-09,
16818-100707716-S,2026-10-09,
16818-100707729-S,2026-10-09,
16818-100708049-S,2026-10-09,
16818-100708095-S,2026-10-09,
16818-100708096-S,2026-10-09,
16818-100708097-S,2026-10-09,
16818-100708098-S,2026-10-09,
16818-100708099-S,2026-10-09,
16818-100710433-S,2026-10-09,
16818-100710436-S,2026-10-09,
16818-100712993-S,2026-10-09,
16818-100785740-S,2026-10-09,
16818-100827584-S,2026-10-09,
16818-100829457-S,2026-10-09,
16818-100834830-S,2026-10-09,
16818-100835093-S,2026-10-09,
16818-100867422-S,2026-10-09,
16818-100867914-S,2026-10-09,
16818-100868675-S,2026-10-09,
16818-100881593-S,2026-10-09,
16818-100881594-S,2026-10-09,
16818-100881951-S,2026-10-09,
16818-100884015-S,2026-10-09,
16818-100884028-S,2026-10-09,
16818-100884035-S,2026-10-09,
16818-100884036-S,2026-10-09,
16818-100884037-S,2026-10-09,
16818-100884440-S,2026-10-09,
16818-100884842-S,2026-10-09,
16818-100884844-S,2026-10-09,
16818-100884846-S,2026-10-09,
16818-100884847-S,2026-10-09,
16818-100892994-S,2026-10-09,
16818-100893291-S,2026-10-09,
16818-100893293-S,2026-10-09,
16818-100893294-S,2026-10-09,
16818-100893795-S,2026-10-09,
16818-100895796-S,2026-10-09,
16818-100895797-S,2026-10-09,
16818-100897147-S,2026-10-09,
16818-100897148-S,2026-10-09,
16818-100897149-S,2026-10-09,
16818-100897829-S,2026-10-09,
16818-100903960-S,2026-10-09,
16818-100906917-S,2026-10-09,
16818-100906991-S,2026-10-09,
16818-100907475-S,2026-10-09,
16818-100907476-S,2026-10-09,
16818-100908262-S,2026-10-09,
16818-100908264-S,2026-10-09,
16852-44435603-910-S,2026-10-09,
16947-785685652-S,2026-10-09,
16947-824835619-S,2026-10-09,
16947-833950912-S,2026-10-09,
16947-846457064-S,2026-10-09,
16947-850002107-S,2026-10-09,
16947-861986972-S,2026-10-09,
16947-883994072-S,2026-10-09,
16947-887147291-S,2026-10-09,
16947-888137087-S,2026-10-09,
16947-905929540-S,2026-10-09,
16947-905959303-S,2026-10-09,
16947-912901432-S,2026-10-09,
16947-918002674-S,2026-10-09,
16947-919432708-S,2026-10-09,
16947-919651015-S,2026-10-09,
16947-928317271-S,2026-10-09,
16947-930349336-S,2026-10-09,
16947-930492022-S,2026-10-09,
16947-932097512-S,2026-10-09,
16947-932814039-S,2026-10-09,
16947-933389435-S,2026-10-09,
16947-937247530-S,2026-10-09,
16947-939093841-S,2026-10-09,
16947-944552765-S,2026-10-09,
16947-944592223-S,2026-10-09,
16947-944602865-S,2026-10-09,
16947-948692203-S,2026-10-09,
16947-950980675-S,2026-10-09,
16947-952467560-S,2026-10-09,
16947-952476079-S,2026-10-09,
16947-953147789-S,2026-10-09,
16947-954238931-S,2026-10-09,
16947-954798918-S,2026-10-09,
16947-955843362-S,2026-10-09,
16947-956069658-S,2026-10-09,
16947-956099785-S,2026-10-09,
16947-959042940-S,2026-10-09,
16947-959265103-S,2026-10-09,
16947-959624626-S,2026-10-09,
16947-960804429-S,2026-10-09,
16947-961835234-S,2026-10-09,
16947-963359777-S,2026-10-09,
16947-966295118-S,2026-10-09,
16947-966674106-S,2026-10-09,
16947-966681960-S,2026-10-09,
16947-967666065-S,2026-10-09,
16947-967684972-S,2026-10-09,
16947-967915155-S,2026-10-09,
16947-967924583-S,2026-10-09,
16947-970992973-S,2026-10-09,
16947-972053353-S,2026-10-09,
16947-972499172-S,2026-10-09,
16947-972775093-S,2026-10-09,
16947-973546930-S,2026-10-09,
16947-975171256-S,2026-10-09,
16947-975439240-S,2026-10-09,
16947-975575007-S,2026-10-09,
16947-975583676-S,2026-10-09,
16947-975633255-S,2026-10-09,
16947-975647922-S,2026-10-09,
16947-975802536-S,2026-10-09,
16947-975805266-S,2026-10-09,
16972-0000d5058fa001-S,2026-10-09,
17011-0064847211-S,2026-10-09,
17041-0066216713-S,2026-10-09,
17079-BB-627285-7878-1176-S,2026-10-09,
17102-44258235-619-S,2026-10-09,
17102-44318266-716-S,2026-10-09,
17102-44355027-83-S,2026-10-09,
17102-44464988-924-S,2026-10-09,
17214-963073502-S,2026-10-09,
17216-0067847862-S,2026-10-09,
17402-44467217-925-S,2026-10-09,
17453-0066863830-S,2026-10-09,
17454-0061439572-S,2026-10-09,
17460-13874568-S,2026-10-09,
17481-BB-627884-7878-5336-S,2026-10-09,
17548-k59312.1671-S,2026-10-09,
17560-38cc88eb06a045e-S,2026-10-09,
17567-0068006867-S,2026-10-09,
17567-0068007197-S,2026-10-09,
17567-0068008102-S,2026-10-09,
17567-0068008937-S,2026-10-09,
17567-0068008962-S,2026-10-09,
17572-k59468.2841-S,2026-10-09,
17700-0064854261-S,2026-10-09,
17710-0067613492-S,2026-10-09,
17751-44461738-923-S,2026-10-09,
17751-44478783-101-S,2026-10-09,
17751-44484534-105-S,2026-10-09,
17811-00071304aeb001-S,2026-10-09,
17819-0064132498-S,2026-10-09,
17819-0065165328-S,2026-10-09,
17819-0065309421-S,2026-10-09,
17819-0066871395-S,2026-10-09,
17819-0067216030-S,2026-10-09,
17819-0067248710-S,2026-10-09,
17819-0067474182-S,2026-10-09,
17819-0067583727-S,2026-10-09,
17819-0067791692-S,2026-10-09,
17936-k59891.3213-S,2026-10-09,
17986-000a210623b001-S,2026-10-09,
17986-000a210623f001-S,2026-10-09,
17986-000a2106243001-S,2026-10-09,
17986-000a2106247001-S,2026-10-09,
17986-000a2106273001-S,2026-10-09,
18010-956922906-S,2026-10-09,
18010-961378524-S,2026-10-09,
18010-961590161-S,2026-10-09,
18010-969974818-S,2026-10-09,
18010-969975105-S,2026-10-09,
18010-969975138-S,2026-10-09,
18010-970383150-S,2026-10-09,
18010-970384617-S,2026-10-09,
18019-196284-S,2026-10-09,
18019-197284-S,2026-10-09,
18019-197437-S,2026-10-09,
18019-198839-S,2026-10-09,
18019-198840-S,2026-10-09,
18019-198845-S,2026-10-09,
18024-100PJ000WXr01-S,2026-10-09,
18024-10Q2U0000B501-S,2026-10-09,
18024-10Q2U0000C600-S,2026-10-09,2026-10-09
18024-10Q2U0000CK00-S,2026-10-09,
18024-10Q4800001B07-S,2026-10-09,
18024-10Q4800001C07-S,2026-10-09,
18069-44466584-925-S,2026-10-09,
18069-44473007-929-S,2026-10-09,
18088-k60163.1088-S,2026-10-09,
18088-k60163.1138-S,2026-10-09,
18088-k60163.1141-S,2026-10-09,
18121-0066472033-S,2026-10-09,
18121-0066580618-S,2026-10-09,
18121-0067197470-S,2026-10-09,
18121-0067822597-S,2026-10-09,
18148-j130S1673-2596-S,2026-10-09,
18188-k60270.1699-S,2026-10-09,
18213-mu7sj68rlg-S,2026-10-09,
18247-2cN3bWOt-S,2026-10-09,
18247-3zpIPofb-S,2026-10-09,
18247-4P2piySu-S,2026-10-09,
18247-5HiRj2nO-S,2026-10-09,
18247-5nNxxXAP-S,2026-10-09,
18247-6r8srPcX-S,2026-10-09,
18247-7TFbdZfr-S,2026-10-09,
18247-8foaJ42Q-S,2026-10-09,
18247-8wdxd9bw-S,2026-10-09,
18247-94f3Jho6-S,2026-10-09,
18247-CI592d4y-S,2026-10-09,
18247-Ddo350iT-S,2026-10-09,
18247-Eq4lkKzX-S,2026-10-09,
18247-HBk7E5tG-S,2026-10-09,
18247-IOUf5XBl-S,2026-10-09,
18247-J6nXM6Ss-S,2026-10-09,
18247-MLODJl4K-S,2026-10-09,
18247-N2vA6wS3-S,2026-10-09,
18247-SiwQJW6U-S,2026-10-09,
18247-TJuSP0pI-S,2026-10-09,
18247-UFQvdxKH-S,2026-10-09,
18247-UinnvLPj-S,2026-10-09,
18247-VEjAZpy5-S,2026-10-09,
18247-VoZRqZup-S,2026-10-09,
18247-XhnJuqFT-S,2026-10-09,
18247-XkXRDgQb-S,2026-10-09,
18247-ZgWl3xZS-S,2026-10-09,
18247-Zp5cmXeb-S,2026-10-09,
18247-aN0UAhcP-S,2026-10-09,
18247-b6lv9HKL-S,2026-10-09,
18247-bTtCkp1y-S,2026-10-09,
18247-bYlxKGRo-S,2026-10-09,
18247-cSRbUuYs-S,2026-10-09,
18247-dDZIEvrb-S,2026-10-09,
18247-e53t4Qj1-S,2026-10-09,
18247-fBU84V2q-S,2026-10-09,
18247-jTpJnCDD-S,2026-10-09,
18247-kZaIS3Bo-S,2026-10-09,
18247-kr0HnY7l-S,2026-10-09,
18247-mLfncBbu-S,2026-10-09,
18247-mzRcU3Mh-S,2026-10-09,
18247-njZ2XVZ2-S,2026-10-09,
18247-nsCIIxMl-S,2026-10-09,
18247-pA9naQC0-S,2026-10-09,
18247-pX0CI2kh-S,2026-10-09,
18247-sDzoqYos-S,2026-10-09,
18247-sxOaOn8h-S,2026-10-09,
18247-tQdsW2f8-S,2026-10-09,
18247-urdpAapL-S,2026-10-09,
18247-vIJl7oDi-S,2026-10-09,
18247-vLxdyTYi-S,2026-10-09,
18247-veTkqWEy-S,2026-10-09,
18247-vemt8xbq-S,2026-10-09,
18247-vpu7Dg8a-S,2026-10-09,
18247-vx0u9uQA-S,2026-10-09,
18247-ynFMEXu8-S,2026-10-09,
18254-tW7oop4X-S,2026-10-09,
18279-1116-4217-5e9ca-S,2026-10-09,
18279-1197-4217-5e6fe-S,2026-10-09,
18323-0067084305-S,2026-10-09,
18329-0HaoBk3d-S,2026-10-09,
18340-202419c2932cfa124e9-S,2026-10-09,
18349-46800_16_JB5219911-S,2026-10-09,
18349-46840_16_JB5225308-S,2026-10-09,
18349-46881_16_JB5228207-S,2026-10-09,
18349-46897_16_JB5231159-S,2026-10-09,
18349-46958_16_JB5236480-S,2026-10-09,
18349-47007_16_JB5239726-S,2026-10-09,
18349-47025_16_JB5243829-S,2026-10-09,
18349-47096_16_JB5244801-S,2026-10-09,
18349-47153_16_JB5247741-S,2026-10-09,
18349-47210_16_JB5251432-S,2026-10-09,
18349-47238_16_JB5253790-S,2026-10-09,
18349-47275_16_JB5255301-S,2026-10-09,
18349-47328_16_JB5259813-S,2026-10-09,
18349-47360_16_JB5262870-S,2026-10-09,
18359-BB-103-7878-172282-S,2026-10-09,
18421-vQZBh1Zr-S,2026-10-09,
18489-j109S16751-46148-S,2026-10-09,
18505-0067916652-S,2026-10-09,
18527-F832F14DCD78B4FBE26-S,2026-10-09,
18561-0062814499-S,2026-10-09,
18569-JOB-848588-S,2026-10-09,
18569-JOB-848591-S,2026-10-09,
18624-0066361908-S,2026-10-09,
18624-0067308355-S,2026-10-09,
18624-0067315965-S,2026-10-09,
18624-0067577842-S,2026-10-09,
18736-6lSplINk-S,2026-10-09,
18750-k62053.1214-S,2026-10-09,
18765-0067510457-S,2026-10-09,
18774-0067675807-S,2026-10-09,
18828-0059021178-S,2026-10-09,
18828-0059289478-S,2026-10-09,
18856-wtsfqc8p7l-S,2026-10-09,
18887-e6398tm5mj-S,2026-10-09,
18887-k8xykbgfch-S,2026-10-09,
18896-8622523-S,2026-10-09,2026-10-09
18896-8628265-S,2026-10-09,
18896-8634766-S,2026-10-09,
18930-BB-634570-7878-5925-S,2026-10-09,
18932-1631678-1-S,2026-10-09,
18977-44470339-928-S,2026-10-09,
18995-S3050-S,2026-10-09,
18995-S3168-S,2026-10-09,
18995-S3203-S,2026-10-09,
19006-k61127.1440-S,2026-10-09,
19009-k61739.10932-S,2026-10-09,
19009-k61739.10940-S,2026-10-09,
19009-k61739.11608-S,2026-10-09,
19009-k61739.11610-S,2026-10-09,
19009-k61739.11611-S,2026-10-09,
19009-k61739.21523-S,2026-10-09,
19041-44462737-923-S,2026-10-09,
19096-426149577-S,2026-10-09,
19100-VJ5fDpxn-S,2026-10-09,
19100-wTun1qAX-S,2026-10-09,
19208-0067569802-S,2026-10-09,
19217-0066989900-S,2026-10-09,
19220-01097ab19c371a13-S,2026-10-09,
19220-0c65101e5d8ed1ab-S,2026-10-09,
19220-1088f1ee17cfdccc-S,2026-10-09,
19220-57405b7d7849e693-S,2026-10-09,
19220-5eb09918181e04fb-S,2026-10-09,
19220-61259f5278308e80-S,2026-10-09,
19220-8c9b2049dd587c99-S,2026-10-09,
19220-ab4c0e114b6d6bbb-S,2026-10-09,
19220-ae7e23e414e053ad-S,2026-10-09,
19228-00009203283001-S,2026-10-09,
19228-000092034c1002-S,2026-10-09,
19236-k58963.1489-S,2026-10-09,
19301-972254461-S,2026-10-09,
19307-0067776877-S,2026-10-09,
19320-106995X347522-S,2026-10-09,
19380-us8w3le2wk-S,2026-10-09,
19435-0067585382-S,2026-10-09,
19442-Owyzm3dR-S,2026-10-09,
19465-k61697.1150-S,2026-10-09,
19510-r22687-S,2026-10-09,
19533-958984425-S,2026-10-09,
19533-959605488-S,2026-10-09,
19533-972739068-S,2026-10-09,
19637-7WNfI3gt-S,2026-10-09,
19637-U5YvCHJj-S,2026-10-09,
19637-XOAcAfoO-S,2026-10-09,
19640-106230X352009-S,2026-10-09,
19663-0065082058-S,2026-10-09,
19663-0066294158-S,2026-10-09,
19663-0066508373-S,2026-10-09,
19663-0067164365-S,2026-10-09,
19770-6n6w2hylww-S,2026-10-09,
19770-s4sd910fwm-S,2026-10-09,
19780-k61497.1038-S,2026-10-09,
19789-16374605-S,2026-10-09,
19796-44445432-915-S,2026-10-09,
19813-BB-500050-7878-3412-S,2026-10-09,
19813-BB-500075-7878-9218-S,2026-10-09,
19886-L0F6K8QHLU2PTCPS-S,2026-10-09,
19913-3055021790460001-S,2026-10-09,
19959-01499204-S,2026-10-09,
19996-k62095.1029-S,2026-10-09,
19998-2352354-S,2026-10-09,
20003-k62093.1015-S,2026-10-09,
20003-k62093.1018-S,2026-10-09,
20035-k62149.1067-S,2026-10-09,
20091-16385455-S,2026-10-09,
20119-0067629437-S,2026-10-09,
20157-0064739795-S,2026-10-09,
20160-36a45b909c7798b49af-S,2026-10-09,
20176-9g2ewakgh5-S,2026-10-09,
20208-0b930b41674c496d9b4-S,2026-10-09,
20208-0be4fe7022674253954-S,2026-10-09,
20208-0dacfbd757814139a72-S,2026-10-09,
20208-213b024c929b4e369a6-S,2026-10-09,
20208-35cab5ea1031427e894-S,2026-10-09,
20208-36d6b56530384055a6d-S,2026-10-09,
20208-5c68b76f71e74a02bd2-S,2026-10-09,
20208-61fef56bdefc4f4ba81-S,2026-10-09,
20208-68857a48291c4824a5a-S,2026-10-09,
20208-75a82df2731d46fcb5b-S,2026-10-09,
20208-77cc8bf21b31471c8da-S,2026-10-09,
20208-7c578873fdf541e78de-S,2026-10-09,
20208-91db4f63f15d40869fc-S,2026-10-09,
20208-98f31750b19748eab7a-S,2026-10-09,
20208-9b769577b2c74f54b93-S,2026-10-09,
20208-a4a7df8249c342d28ad-S,2026-10-09,
20208-a543fa4ef06245759a8-S,2026-10-09,
20208-a8e9687919b744ad92f-S,2026-10-09,
20208-b6da740f7ca14a9080f-S,2026-10-09,
20208-bd0da7ed292e4cf4b4d-S,2026-10-09,
20208-c15ae6d7ee6a4fdfbfc-S,2026-10-09,
20208-d0e94dc8461147ef843-S,2026-10-09,
20208-e539746807e04562ad0-S,2026-10-09,
20208-e76ceff016634660b4c-S,2026-10-09,
20208-f219f352618244dd981-S,2026-10-09,
20279-k62365.1065-S,2026-10-09,
20279-k62365.1066-S,2026-10-09,
20279-k62365.1067-S,2026-10-09,
20279-k62365.1081-S,2026-10-09,
20279-k62365.1082-S,2026-10-09,
20279-k62365.1094-S,2026-10-09,
20279-k62365.1095-S,2026-10-09,
20279-k62365.1096-S,2026-10-09,
20290-2298185-S,2026-10-09,
20290-2303826-S,2026-10-09,
20290-2311778-S,2026-10-09,
20290-2332284-S,2026-10-09,
20290-2339250-S,2026-10-09,
20293-2315210-S,2026-10-09,
20293-2322326-S,2026-10-09,
20309-8401-1776532-0-S,2026-10-09,
20309-8490-1789216-0-S,2026-10-09,
20309-8508-1787413-0-S,2026-10-09,
20342-489-1791525681-S,2026-10-09,
20374-971248828-S,2026-10-09,
20393-44466755-925-S,2026-10-09,
20412-2337301-S,2026-10-09,
20427-r19190-S,2026-10-09,
20456-2280218-S,2026-10-09,
20456-2347244-S,2026-10-09,
20456-2347245-S,2026-10-09,
20464-r22484-S,2026-10-09,
20467-2342397-S,2026-10-09,
20471-2336317-S,2026-10-09,
20471-2352298-S,2026-10-09,
20478-2339462-S,2026-10-09,
20534-10247244-S,2026-10-09,
20534-10247245-S,2026-10-09,
20534-10247546-S,2026-10-09,
20534-10247548-S,2026-10-09,
20534-10247551-S,2026-10-09,
20534-10528251-S,2026-10-09,
20534-10848850-S,2026-10-09,
20534-16475358-S,2026-10-09,
20534-16475799-S,2026-10-09,
20559-957872151-S,2026-10-09,
20559-972009090-S,2026-10-09,
20719-hJhZZufv-S,2026-10-09,
20732-16597386-S,2026-10-09,
20739-16575721-S,2026-10-09,
20744-1029523-S,2026-10-09,2026-10-09
20773-966043357-S,2026-10-09,
20778-2344054-S,2026-10-09,
20938-16489712-S,2026-10-09,
20956-2342792-S,2026-10-09,
21008-2321721-S,2026-10-09,
21008-2321724-S,2026-10-09,
21008-2321726-S,2026-10-09,
21008-2323962-S,2026-10-09,
21008-2328117-S,2026-10-09,
21008-2332339-S,2026-10-09,
21008-2347461-S,2026-10-09,
21046-12349306-S,2026-10-09,
21046-16312936-S,2026-10-09,
21046-16356042-S,2026-10-09,
21070-46-S,2026-10-09,
21076-339ca882ab76b99c-S,2026-10-09,
21159-16740394-S,2026-10-09,
10001-1003331494-S,2026-10-10,
10001-1003762155-S,2026-10-10,
15086-44302801-79-S,2026-10-10,
15086-44470038-928-S,2026-10-10,
17628-44429047-99-S,2026-10-10,
18207-44494307-109-S,2026-10-10,
20468-44494222-109-S,2026-10-10,
an:ai-platform-working-student-cologne-111803,2026-10-10,
an:ai-strategy-digital-implementation-munich-109620,2026-10-10,
an:business-development-lead-content-werkstudentin-in-leipzig-oder-lubeck-15219,2026-10-10,
an:business-operations-werkstudent-munchen-412185,2026-10-10,
an:call-center-agent-bremen-312135,2026-10-10,
an:communications-design-working-student-munich-419584,2026-10-10,
an:community-managerin-fur-unsere-ki-community-minijob-werkstudentin-berlin-357596,2026-10-10,
an:content-creator-berlin-8465,2026-10-10,
an:content-creator-bielefeld-97234,2026-10-10,
an:content-creator-brautmode-teilzeit-monheim-am-rhein-107831,2026-10-10,
an:content-creator-mini-job-werkstudent-rostock-178076,2026-10-10,
an:content-creator-werkstudentin-minijob-oder-freelance-basis-dortmund-381873,2026-10-10,
an:content-creator-werkstudentin-praktikantin-teilzeit-cologne-376588,2026-10-10,
an:content-writer-manager-werkstudentin-berlin-438355,2026-10-10,
an:content-writerin-pflege-telzeit-werkstudentin-remote-munich-313739,2026-10-10,
an:creative-strategist-werkstudent-berlin-217183,2026-10-10,
an:customer-support-im-berliner-saas-startup-werkstudent-333176,2026-10-10,
an:customer-support-vollzeit-werkstudent-minijob-frankfurt-am-main-409017,2026-10-10,
an:data-analytics-digital-search-werkstudent-dortmund-151677,2026-10-10,
an:data-engineer-working-student-koln-475273,2026-10-10,
an:digital-marketing-specialist-werkstudent-marketing-nagold-76004,2026-10-10,
an:e-commerce-digital-commerce-praktikum-werkstudent-hamburg-273211,2026-10-10,
an:energieberaterin-gebaudeberechnung-lennestadt-96268,2026-10-10,
an:event-coordinator-osnabruck-working-student-freelancer-part-time-osnabruck-lower-saxony-198162,2026-10-10,
an:event-coordinator-paderborn-working-student-freelancer-part-time-paderborn-north-rhine-westphalia-180371,2026-10-10,
an:founders-associate-cologne-262947,2026-10-10,
an:founders-associate-hiwi-fokus-financials-investor-readiness-aachen-474292,2026-10-10,
an:founders-associate-internship-or-working-student-munich-181655,2026-10-10,
an:frontend-developer-werkstudent-darmstadt-49919,2026-10-10,
an:full-stack-entwicklerin-heidenheim-305978,2026-10-10,
an:future-hr-leader-werkstudent-hr-nuremberg-443902,2026-10-10,
an:gesundheitsmanagement-praktikum-werkstudentin-schwerpunkt-marketing-munich-156651,2026-10-10,
an:go-to-market-intern-working-student-uk-all-genders-berlin-167692,2026-10-10,
an:go-to-market-working-student-berlin-106285,2026-10-10,
an:go-to-market-working-student-marketing-content-munich-348453,2026-10-10,
an:governmental-public-affairs-internship-working-student-berlin-94185,2026-10-10,
an:grafikdesignerin-fur-e-mail-ads-werkstudent-freelance-hanover-481796,2026-10-10,
an:growth-marketing-intern-munich-426405,2026-10-10,
an:gtm-engineering-working-student-berlin-480278,2026-10-10,
an:gtm-werkstudent-berlin-492,2026-10-10,
an:hr-assistant-werkstudent-heinsberg-40268,2026-10-10,
an:hr-management-intern-working-student-munchen-420734,2026-10-10,
an:influencer-marketing-brand-berlin-187817,2026-10-10,
an:influencer-marketing-manager-paid-affiliate-werkstudent-bernhardswald-405456,2026-10-10,
an:influencer-marketing-managerin-vollzeit-teilzeit-werkstudent-wesseling-154168,2026-10-10,
an:influencer-marketing-werkstudent-hamburg-391318,2026-10-10,
an:ingenieur-innen-techniker-innen-und-werkstudent-innen-dorsten-410917,2026-10-10,
an:initiativbewerbung-augsburg-11171,2026-10-10,
an:initiativbewerbung-studenten-aschaffenburg-199769,2026-10-10,
an:it-administrator-working-student-frankfurt-am-main-hybrid-416729,2026-10-10,
an:it-support-teilzeit-werkstudenten-dinslaken-418380,2026-10-10,
an:junior-it-security-consultant-werkstudentin-german-c1-darmstadt-139122,2026-10-10,
an:junior-marketing-manager-werkstudent-berlin-376153,2026-10-10,
an:junior-projektmanager-defi-league-als-werkstudent-osnabruck-232405,2026-10-10,
an:junior-recruiter-hamburg-209994,2026-10-10,
an:junior-social-media-manager-als-werkstudent-osnabruck-132976,2026-10-10,
an:kundenbetreuung-und-telefonsupport-im-kunstmarkt-darmstadt-186977,2026-10-10,
an:legal-assistant-werkstudent-holdco-hamburg-448062,2026-10-10,
an:manufacturing-uav-drone-working-student-munich-397189,2026-10-10,
an:marketing-jr-creator-werkstudentin-praktikantin-cologne-116925,2026-10-10,
an:marketing-manager-werkstudent-frankfurt-am-main-471293,2026-10-10,
an:marketing-praktikantin-werkstudentin-munich-252760,2026-10-10,
an:marketing-sales-praktika-werkstudium-im-bereich-der-erneuerbaren-energiesysteme-heidelberg-147515,2026-10-10,
an:marketing-werkstudent-hallbergmoos-85165,2026-10-10,
an:marketing-werkstudent-in-hamburg-239976,2026-10-10,
an:marketing-werkstudent-praktikant-munich-235393,2026-10-10,
an:marketing-werkstudent-praktikant-stuttgart-460518,2026-10-10,
an:marketing-werkstudentin-taufkirchen-53981,2026-10-10,
an:marketing-working-student-hamburg-369333,2026-10-10,
an:mediengestalter-grafikdesigner-web-e-commerce-design-nebenjob-werkstudent-karlsbad-122953,2026-10-10,
an:mentor-fur-ai-gestutzte-softwareentwicklung-werkstudent-berlin-175215,2026-10-10,
an:mitarbeiter-zur-unterstutzung-der-it-abteilung-auf-minijobbasis-oder-als-werkstudent-sankt-wendel-348778,2026-10-10,
an:mitarbeiterin-im-personalwesen-werkstudent-rostock-467170,2026-10-10,
an:mitarbeiterin-praxis-it-digitalisierung-mvz-viavie-psychotherapie-gmbh-berlin-159129,2026-10-10,
an:online-marketing-content-creator-munich-164432,2026-10-10,
an:outbound-sales-intern-working-student-uk-all-genders-berlin-468249,2026-10-10,
an:people-culture-hr-werkstudent-i-start-up-i-munchen-i-18eur-std-munich-472139,2026-10-10,
an:people-operations-working-student-aachen-279283,2026-10-10,
an:people-operations-working-student-berlin-365930,2026-10-10,
an:performance-marketing-working-student-talent-acquisition-berlin-445074,2026-10-10,
an:performance-marketing-working-student-talent-acquisition-berlin-470666,2026-10-10,
an:pflichtpraktikum-social-media-management-strategie-waldbronn-338813,2026-10-10,
an:praktika-werkstudent-ki-trifft-energie-hybride-energiesysteme-fur-h2-speicher-erneuerbare-energien-heidelberg-408071,2026-10-10,
an:praktika-werkstudium-im-bereich-der-erneuerbaren-energiesysteme-heidelberg-387354,2026-10-10,
an:praktikant-werkstudent-fur-prototyping-zukunftstechnologien-erlangen-272773,2026-10-10,
an:praktikant-werkstudent-im-investment-banking-wiesbaden-442963,2026-10-10,
an:praktikant-werkstudent-investment-fundraising-advisory-vollzeit-dusseldorf-180531,2026-10-10,
an:praktikant-werkstudent-legal-berlin-364181,2026-10-10,
an:praktikant-werkstudent-ma-corporate-finance-frankfurt-frankfurt-am-main-301235,2026-10-10,
an:praktikant-werkstudent-ma-corporate-finance-stuttgart-272807,2026-10-10,
an:praktikant-werkstudent-wirtschaftsprufung-financial-services-gensingen-102736,2026-10-10,
an:praktikantin-oder-werkstudentinin-fur-die-arbeitsvorbereitung-bachelor-oder-masterarbeit-moglich-salzgitter-263412,2026-10-10,
an:praktikantin-werkstudentin-digital-sales-marketing-dusseldorf-250397,2026-10-10,
an:praktikantin-werkstudentin-medieninformatik-frankfurt-am-main-240464,2026-10-10,
an:praktikantin-werkstudentin-operations-cologne-220323,2026-10-10,
an:praktikantinnen-und-werkstudierende-munchen-375391,2026-10-10,
an:praktikum-werkstudent-abschlussarbeit-bachelor-master-thesis-marketing-villingen-schwenningen-419412,2026-10-10,
an:praktikum-werkstudent-customer-success-it-support-sports-media-hamburg-133725,2026-10-10,
an:praktikum-werkstudent-founders-associate-fpa-berlin-deutsch-c2-erforderlich-481094,2026-10-10,
an:praktikum-werkstudententatigkeit-recruiting-personalberatung-munich-98675,2026-10-10,
an:remote-werkstudent-automatisierung-ki-workflows-im-enterprise-risk-management-297668,2026-10-10,
an:remote-werkstudent-customer-service-446451,2026-10-10,
an:remote-werkstudent-enterprise-risk-management-112126,2026-10-10,
an:remote-werkstudent-finance-beratung-unternehmerisch-leistungsbasiert-hamburg-370525,2026-10-10,
an:remote-werkstudent-finance-beratung-unternehmerisch-leistungsbasiert-hamburg-73434,2026-10-10,
an:remote-werkstudent-recruiting-berlin-329392,2026-10-10,
an:remote-werkstudentin-accounting-405974,2026-10-10,
an:remote-werkstudentin-data-analytics-controlling-focus-hamburg-349359,2026-10-10,
an:remote-werkstudentin-operational-excellence-berlin-478364,2026-10-10,
an:research-consultant-munich-213429,2026-10-10,
an:retail-promoter-werkstudent-teilzeit-16-std-woche-ab-januar-berlin-272226,2026-10-10,
an:retail-promoter-werkstudent-teilzeit-16-std-woche-ab-januar-frankfurt-265808,2026-10-10,
an:retail-promoter-werkstudent-teilzeit-16-std-woche-ab-januar-freiburg-213351,2026-10-10,
an:retail-promoter-werkstudent-teilzeit-16-std-woche-ab-januar-stuttgart-25094,2026-10-10,
an:servicekraft-barista-in-hamburg-auf-vz-tz-werkstudent-260228,2026-10-10,
an:social-media-manager-cologne-333722,2026-10-10,
an:social-media-manager-content-creator-in-hallesaale-halle-saale-26727,2026-10-10,
an:social-media-manager-teilzeit-werkstudent-minijob-berlin-424435,2026-10-10,
an:social-media-manager-vollzeit-werkstudent-praktikum-salach-406780,2026-10-10,
an:social-media-managerin-content-creatorin-koln-249536,2026-10-10,
an:social-media-marketing-manager-host-minijob-teilzeit-werkstudent-freelance-munich-381929,2026-10-10,
an:social-media-performance-content-creator-munich-319717,2026-10-10,
an:software-engineer-intern-working-student-berlin-125086,2026-10-10,
an:solutions-architect-working-student-munich-152836,2026-10-10,
an:steuerfachangestellte-r-in-werkstudentin-teilzeit-vollzeit-minijob-munich-104185,2026-10-10,
an:student-datascience-freiburg-im-breisgau-288902,2026-10-10,
an:student-web-development-freiburg-im-breisgau-326089,2026-10-10,
an:studium-mit-erweiterter-praxis-praktikum-praxissemester-werkstudent-oder-abschlussarbeit-stuttgart-16172,2026-10-10,
an:success-story-communicator-cologne-369331,2026-10-10,
an:systemarchitekt-fur-automatisierung-ki-werkstudent-it-nagold-480430,2026-10-10,
an:technical-solutions-engineer-junior-oder-werkstudentin-essen-366061,2026-10-10,
an:teilzeit-werkstudent-social-media-manager-in-ratingen-59504,2026-10-10,
an:tiktok-content-creator-video-editor-werkstudentenstelle-neckargemund-261700,2026-10-10,
an:ui-ux-designer-mit-e-commerce-erfahrung-bielefeld-206107,2026-10-10,
an:user-interface-design-werkstudentin-berlin-25675,2026-10-10,
an:ux-designerin-werkstudium-oder-pflichtpraktikum-heilbronn-15571,2026-10-10,
an:ux-ui-design-funnel-management-werkstudentin-munich-43076,2026-10-10,
an:video-content-creation-social-media-werkstudent-cologne-199004,2026-10-10,
an:video-editor-social-media-manager-teilzeit-werkstudent-25-30h-in-munchen-munich-91441,2026-10-10,
an:video-editorin-all-genders-werkstudentin-frankfurt-am-main-162270,2026-10-10,
an:videograf-content-creation-teilzeit-berlin-341554,2026-10-10,
an:werksstudent-consulting-finance-berlin-117911,2026-10-10,
an:werksstudent-im-personlich-digitalen-kundenservice-schwerpunkt-telefonie-gescher-426696,2026-10-10,
an:werksstudent-pr-marketing-berlin-151493,2026-10-10,
an:werksstudent-software-development-frankfurt-am-main-287507,2026-10-10,
an:werksstudent-softwareentwicklerin-web-koblenz-346465,2026-10-10,
an:werksstudent-technische-unterstutzung-datenaufbereitung-aachen-91948,2026-10-10,
an:werksstudenten-isms-compliance-berlin-6067,2026-10-10,
an:werksstudentenstelle-im-bereich-prozessautomatisierung-softwareentwicklung-15-20h-woche-cologne-498868,2026-10-10,
an:werksstudentin-im-bereich-erneuerbare-energien-osnabruck-431205,2026-10-10,
an:werksstudentin-working-student-social-media-munich-231953,2026-10-10,
an:werksstudentinnen-elektrotechnik-in-der-getrankeindustrie-polch-126850,2026-10-10,
an:werkstudenin-content-marketing-aachen-113801,2026-10-10,
an:werkstudent-111749,2026-10-10,
an:werkstudent-accounting-hamburg-hh-284906,2026-10-10,
an:werkstudent-agrarberatung-osnabruck-466440,2026-10-10,
an:werkstudent-ai-consulting-infrastructure-leipzig-361351,2026-10-10,
an:werkstudent-ai-engineering-cologne-5088,2026-10-10,
an:werkstudent-ai-engineering-nuremberg-370334,2026-10-10,
an:werkstudent-auftragsbearbeitung-projektadministration-buchhaltung-darmstadt-209995,2026-10-10,
an:werkstudent-aushilfe-im-bereich-marketing-jena-363755,2026-10-10,
an:werkstudent-automatisierung-mit-ki-und-lowcode-tools-18eur-remote-essen-419683,2026-10-10,
an:werkstudent-azubi-m-w-buchhaltung-lohnabrechnung-schonefeld-373528,2026-10-10,
an:werkstudent-bad-salzungen-485889,2026-10-10,
an:werkstudent-bauleitung-holzbau-dasing-384418,2026-10-10,
an:werkstudent-brand-employer-branding-berlin-251924,2026-10-10,
an:werkstudent-business-administration-schwerpunkt-ai-cologne-267659,2026-10-10,
an:werkstudent-business-administration-schwerpunkt-ai-nuremberg-438010,2026-10-10,
an:werkstudent-business-analyst-consultant-hanover-428484,2026-10-10,
an:werkstudent-business-intelligence-data-analytics-norderstedt-20447,2026-10-10,
an:werkstudent-business-operations-automation-ai-berlin-462966,2026-10-10,
an:werkstudent-business-operations-projektmanagement-hamburg-232876,2026-10-10,
an:werkstudent-campaign-data-management-munich-406349,2026-10-10,
an:werkstudent-category-management-product-data-munich-383869,2026-10-10,
an:werkstudent-construction-wind-hamburg-office-88364,2026-10-10,
an:werkstudent-consulting-augsburg-101693,2026-10-10,
an:werkstudent-consulting-ki-implementierung-berlin-314542,2026-10-10,
an:werkstudent-content-brand-berlin-215783,2026-10-10,
an:werkstudent-content-communications-grafelfing-134041,2026-10-10,
an:werkstudent-content-creation-design-cologne-51623,2026-10-10,
an:werkstudent-content-creation-frankfurt-am-main-412337,2026-10-10,
an:werkstudent-content-creation-frankfurt-frankfurt-am-main-330270,2026-10-10,
an:werkstudent-content-creation-influencer-cologne-354353,2026-10-10,
an:werkstudent-content-creation-social-media-management-berlin-389893,2026-10-10,
an:werkstudent-content-creation-tiktok-mensch-hamburg-218503,2026-10-10,
an:werkstudent-content-creator-social-media-fur-instagram-tiktok-berlin-134297,2026-10-10,
an:werkstudent-content-creator-social-media-mit-fokus-vor-der-kamera-wutoschingen-316929,2026-10-10,
an:werkstudent-content-management-fur-kreuzfahrten-hamburg-207774,2026-10-10,
an:werkstudent-content-management-grafelfing-354977,2026-10-10,
an:werkstudent-content-marketing-munich-457143,2026-10-10,
an:werkstudent-content-mwd-ca-15-wochenstunden-cybay-hannover-263632,2026-10-10,
an:werkstudent-content-mwd-ca-15-wochenstunden-hanover-455177,2026-10-10,
an:werkstudent-content-redaktion-schwerpunkt-ernahrung-rezepte-video-100-homeoffice-grafschaft-399246,2026-10-10,
an:werkstudent-controlling-hamburg-53013,2026-10-10,
an:werkstudent-crm-kommunikation-start-up-ab-sofort-mannheim-229926,2026-10-10,
an:werkstudent-crm-systemanpassung-regensburg-132332,2026-10-10,
an:werkstudent-customer-happiness-beratung-20-std-hamburg-396560,2026-10-10,
an:werkstudent-customer-happiness-siegen-458947,2026-10-10,
an:werkstudent-customer-management-pulsnitz-95151,2026-10-10,
an:werkstudent-customer-relationship-management-stuttgart-451592,2026-10-10,
an:werkstudent-customer-success-cologne-35440,2026-10-10,
an:werkstudent-customer-support-erneuerbare-energien-glatten-112974,2026-10-10,
an:werkstudent-customer-support-erneuerbare-energien-glatten-270032,2026-10-10,
an:werkstudent-data-analyst-automation-engineer-100-remote-hamburg-111403,2026-10-10,
an:werkstudent-data-analyst-frankfurt-am-main-286578,2026-10-10,
an:werkstudent-design-mediengestaltung-dusseldorf-medienhafen-98608,2026-10-10,
an:werkstudent-design-strategy-munchen-28788,2026-10-10,
an:werkstudent-digital-experience-growth-brand-new-business-hamburg-450448,2026-10-10,
an:werkstudent-digital-marketer-hamburg-94193,2026-10-10,
an:werkstudent-digital-marketing-hamburg-337119,2026-10-10,
an:werkstudent-e-commerce-munich-484647,2026-10-10,
an:werkstudent-e-commerce-online-marketing-ahrensburg-276270,2026-10-10,
an:werkstudent-e-commerce-produktmanagement-softwareentwicklung-neumarkt-in-der-oberpfalz-383054,2026-10-10,
an:werkstudent-e-mail-marketing-crm-manager-munich-199593,2026-10-10,
an:werkstudent-einkauf-hamburg-347276,2026-10-10,
an:werkstudent-elektromobilitat-ladeinfrastruktur-ba-wu-rottenburg-162668,2026-10-10,
an:werkstudent-elektromobilitat-ladeinfrastruktur-munich-83540,2026-10-10,
an:werkstudent-elektrotechnik-energietechnik-bad-salzungen-362305,2026-10-10,
an:werkstudent-energiewirtschaft-holzwickede-275701,2026-10-10,
an:werkstudent-energiewirtschaft-in-berlin-76657,2026-10-10,
an:werkstudent-external-audit-in-neuss-145193,2026-10-10,
an:werkstudent-facility-management-heidelberg-169012,2026-10-10,
an:werkstudent-filialmanagement-store-operations-rostock-11042,2026-10-10,
an:werkstudent-finance-17-eur-std-hamburg-369503,2026-10-10,
an:werkstudent-finance-beratung-unternehmerisch-leistungsbasiert-hamburg-269277,2026-10-10,
an:werkstudent-finance-beratung-unternehmerisch-leistungsbasiert-hamburg-314962,2026-10-10,
an:werkstudent-finance-controlling-munchen-405865,2026-10-10,
an:werkstudent-finance-dormagen-kieler-strasse-16-26662,2026-10-10,
an:werkstudent-finance-hamburg-valentinskamp-70-20355-hamburg-380434,2026-10-10,
an:werkstudent-finance-operations-munich-451482,2026-10-10,
an:werkstudent-finanzen-und-controlling-hurth-22187,2026-10-10,
an:werkstudent-forderservice-berlin-304457,2026-10-10,
an:werkstudent-founders-associate-ai-business-development-berlin-96672,2026-10-10,
an:werkstudent-full-stack-developer-leverkusen-431225,2026-10-10,
an:werkstudent-full-stack-developer-leverkusen-463905,2026-10-10,
an:werkstudent-full-stack-entwicklung-20h-woche-blankenheim-445411,2026-10-10,
an:werkstudent-full-stack-softwareentwicklung-ki-anwendungen-munich-132425,2026-10-10,
an:werkstudent-fullstack-developer-berlin-304491,2026-10-10,
an:werkstudent-fur-datenanalyse-im-gesundheitswesen-hamburg-37474,2026-10-10,
an:werkstudent-fur-die-projektentwicklung-hamburg-402285,2026-10-10,
an:werkstudent-fur-kaufmannische-teamassistenz-buchhaltung-nurnberg-voigtmann-gmbh-nuremberg-124014,2026-10-10,
an:werkstudent-fur-research-tatigkeiten-datenbankpflege-munich-439345,2026-10-10,
an:werkstudent-fur-unser-performance-marketing-frankfurt-am-main-16236,2026-10-10,
an:werkstudent-gn-fur-automatisierungstechnik-hamburg-228897,2026-10-10,
an:werkstudent-gn-im-personalwesen-hr-hamburg-114801,2026-10-10,
an:werkstudent-gn-tief-und-strassenbau-20h-woche-oebisfelde-weferlingen-112877,2026-10-10,
an:werkstudent-go-to-market-partner-management-berlin-212710,2026-10-10,
an:werkstudent-grafik-grafelfing-274053,2026-10-10,
an:werkstudent-grafikdesign-berlin-125696,2026-10-10,
an:werkstudent-grafikdesign-hamburg-315211,2026-10-10,
an:werkstudent-grafikdesign-munich-59152,2026-10-10,
an:werkstudent-growth-development-15-20-std-woche-meerbusch-103926,2026-10-10,
an:werkstudent-healthcare-logistics-berlin-201182,2026-10-10,
an:werkstudent-hoppe-academy-hamburg-138577,2026-10-10,
an:werkstudent-hospitality-research-data-hamburg-114931,2026-10-10,
an:werkstudent-hr-dortmund-189076,2026-10-10,
an:werkstudent-hr-recruiting-essen-283368,2026-10-10,
an:werkstudent-hr-recruiting-in-stuttgart-39758,2026-10-10,
an:werkstudent-hr-recruiting-truckscout24-essen-87265,2026-10-10,
an:werkstudent-im-bereich-akademie-bis-zu-20-stunden-pro-woche-ab-sofort-stuttgart-79871,2026-10-10,
an:werkstudent-im-bereich-isms-munchen-35988,2026-10-10,
an:werkstudent-im-bereich-legal-compliance-berlin-298659,2026-10-10,
an:werkstudent-im-bereich-marketing-monchengladbach-403626,2026-10-10,
an:werkstudent-im-bereich-mediengestaltung-und-kommunikationsdesign-100-remote-moglich-magdeburg-317056,2026-10-10,
an:werkstudent-im-bereich-mitgliedergewinnung-bundesgeschaftsstelle-berlin-266107,2026-10-10,
an:werkstudent-im-bereich-projektvorbereitung-20std-berlin-321568,2026-10-10,
an:werkstudent-im-bereich-sales-erlangen-133803,2026-10-10,
an:werkstudent-im-bereich-software-entwicklung-erlangen-15004,2026-10-10,
an:werkstudent-im-bereich-vertrieb-marketing-dusseldorf-318411,2026-10-10,
an:werkstudent-im-bereich-vertrieb-marketing-dusseldorf-51479,2026-10-10,
an:werkstudent-im-lektorat-frankfurt-am-main-196727,2026-10-10,
an:werkstudent-im-office-der-geschaftsfuhrung-cologne-444070,2026-10-10,
an:werkstudent-im-online-marketing-baiersdorf-186272,2026-10-10,
an:werkstudent-im-projekt-und-accountmanagement-im-facility-management-berlin-384612,2026-10-10,
an:werkstudent-im-verkauf-mode-und-bekleidung-berlin-417944,2026-10-10,
an:werkstudent-im-vertrieb-dusseldorf-365395,2026-10-10,
an:werkstudent-in-business-development-prozessoptimierung-remote-berlin-286059,2026-10-10,
an:werkstudent-in-content-creator-brandface-berlin-484948,2026-10-10,
an:werkstudent-in-content-marketing-wurzburg-189157,2026-10-10,
an:werkstudent-in-der-gebaudetechnik-heizung-kalte-luftung-sanitar-cologne-131112,2026-10-10,
an:werkstudent-in-der-konstruktion-knick-berlin-392107,2026-10-10,
an:werkstudent-in-fur-podcast-videoproduktion-offenburg-185409,2026-10-10,
an:werkstudent-in-im-bereich-marketing-hamburg-70161,2026-10-10,
an:werkstudent-in-im-projektmananagement-kaiserslautern-27149,2026-10-10,
an:werkstudent-in-it-service-management-prozessmanagement-ki-munich-210011,2026-10-10,
an:werkstudent-in-linkbuilding-outreach-remote-mannheim-194883,2026-10-10,
an:werkstudent-in-linkedin-marketing-podcast-stuttgart-273667,2026-10-10,
an:werkstudent-in-marketing-wetzlar-350008,2026-10-10,
an:werkstudent-in-oder-minijob-social-media-marketing-berlin-487870,2026-10-10,
an:werkstudent-in-online-marketing-partnerships-off-page-seo-remote-mannheim-51078,2026-10-10,
an:werkstudent-in-performance-marketing-wurzburg-365855,2026-10-10,
an:werkstudent-in-sales-remote-berlin-34750,2026-10-10,
an:werkstudent-in-seo-outreach-kooperationen-linkbuilding-remote-mannheim-70953,2026-10-10,
an:werkstudent-in-social-media-influencer-marketing-korschenbroich-164031,2026-10-10,
an:werkstudent-in-software-development-applied-ai-grunwald-337223,2026-10-10,
an:werkstudent-in-software-engineering-for-ai-systems-cologne-29534,2026-10-10,
an:werkstudent-in-softwareentwicklung-backend-data-processing-aachen-255729,2026-10-10,
an:werkstudent-in-wertpapierabwicklung-neuss-437628,2026-10-10,
an:werkstudent-influencer-content-creator-marketing-kijimea-grafelfing-266518,2026-10-10,
an:werkstudent-influencer-manager-munich-106394,2026-10-10,
an:werkstudent-informatik-informationstechnik-oder-elektrotechnik-mittelbiberach-453152,2026-10-10,
an:werkstudent-informatik-wirtschaftsinformatik-schweinfurt-89115,2026-10-10,
an:werkstudent-innen-und-praktikant-innen-fur-marketing-vertrieb-im-weinhandel-mainz-104431,2026-10-10,
an:werkstudent-it-consulting-ki-frankfurt-am-main-78603,2026-10-10,
an:werkstudent-it-im-bereich-informatik-und-webentwicklung-stuttgart-478368,2026-10-10,
an:werkstudent-it-operations-neunkirchen-108493,2026-10-10,
an:werkstudent-it-operations-sysops-client-management-software-hamburg-223955,2026-10-10,
an:werkstudent-it-projektmanagement-erp-software-regensburg-160454,2026-10-10,
an:werkstudent-it-strategie-erp-beratung-wurzburg-38140,2026-10-10,
an:werkstudent-it-support-cologne-281693,2026-10-10,
an:werkstudent-it-support-dusseldorf-135326,2026-10-10,
an:werkstudent-it-systemadministrator-it-operations-standort-harrislee-handewitt-20-h-woche-218144,2026-10-10,
an:werkstudent-journalismus-seo-marketing-auto-fan-mit-schreibtalent-gesucht-berlin-30593,2026-10-10,
an:werkstudent-junior-business-development-products-teilzeit-berlin-190938,2026-10-10,
an:werkstudent-kamera-schnitt-darmstadt-48816,2026-10-10,
an:werkstudent-karriereberatung-coaching-und-marketing-kaarst-122603,2026-10-10,
an:werkstudent-ki-automation-munich-338897,2026-10-10,
an:werkstudent-ki-unternehmensentwicklung-bonn-499521,2026-10-10,
an:werkstudent-kommunikationsdesign-cologne-398381,2026-10-10,
an:werkstudent-kommunikationsdesign-munchen-359205,2026-10-10,
an:werkstudent-kreation-grafik-design-koln-209352,2026-10-10,
an:werkstudent-kundenberater-kundenruckgewinnung-dortmund-74425,2026-10-10,
an:werkstudent-kundenberater-kundenruckgewinnung-dusseldorf-498199,2026-10-10,
an:werkstudent-kunstliche-intelligenz-dingolfing-100574,2026-10-10,
an:werkstudent-langzeitpraktikant-e-commerce-produktcontent-eggenfelden-349818,2026-10-10,
an:werkstudent-lead-generation-hamburg-183907,2026-10-10,
an:werkstudent-legal-finance-essen-22896,2026-10-10,
an:werkstudent-legal-munchen-8815,2026-10-10,
an:werkstudent-lektorat-und-korrektorat-im-verlag-leipzig-378326,2026-10-10,
an:werkstudent-logopadoie-nurnberg-200053,2026-10-10,
an:werkstudent-low-code-development-hamburg-51956,2026-10-10,
an:werkstudent-marketing-bad-soden-114421,2026-10-10,
an:werkstudent-marketing-baugpt-munich-416677,2026-10-10,
an:werkstudent-marketing-berlin-115536,2026-10-10,
an:werkstudent-marketing-berlin-253554,2026-10-10,
an:werkstudent-marketing-brand-building-hamburg-145338,2026-10-10,
an:werkstudent-marketing-cologne-403410,2026-10-10,
an:werkstudent-marketing-communications-hamburg-50824,2026-10-10,
an:werkstudent-marketing-content-video-creation-eschborn-176265,2026-10-10,
an:werkstudent-marketing-contentpflege-grafschaft-259326,2026-10-10,
an:werkstudent-marketing-creative-20-h-woche-in-lingen-386711,2026-10-10,
an:werkstudent-marketing-darmstadt-327154,2026-10-10,
an:werkstudent-marketing-dulmen-401159,2026-10-10,
an:werkstudent-marketing-events-konstanz-105229,2026-10-10,
an:werkstudent-marketing-frankfurt-am-main-111219,2026-10-10,
an:werkstudent-marketing-frankfurt-am-main-315119,2026-10-10,
an:werkstudent-marketing-growth-berlin-144175,2026-10-10,
an:werkstudent-marketing-kleinblittersdorf-172687,2026-10-10,
an:werkstudent-marketing-kommunikation-anzing-427623,2026-10-10,
an:werkstudent-marketing-kunzell-480172,2026-10-10,
an:werkstudent-marketing-mit-schwerpunkt-social-media-fur-den-onlineshop-taschenkaufhaus-by-sakoi-15-20h-woche-leipzig-khs-87264,2026-10-10,
an:werkstudent-marketing-pr-augsburg-216521,2026-10-10,
an:werkstudent-marketing-projektmanagement-mwd-ca-10-wochenstunden-cybay-hannover-296189,2026-10-10,
an:werkstudent-marketing-projektmanagement-mwd-ca-10-wochenstunden-hanover-443738,2026-10-10,
an:werkstudent-marketing-sales-admin-support-hubspot-unit-berlin-471852,2026-10-10,
an:werkstudent-marketing-sales-munich-379226,2026-10-10,
an:werkstudent-marketing-sales-werbeartikel-hamburg-249903,2026-10-10,
an:werkstudent-martech-data-analytics-berlin-95447,2026-10-10,
an:werkstudent-mediendesign-marketing-in-isernhagen-74393,2026-10-10,
an:werkstudent-mensch-media-planung-aussenwerbung-ooh-frankfurt-477930,2026-10-10,
an:werkstudent-messe-event-sales-verkauf-stuttgart-139781,2026-10-10,
an:werkstudent-microsoft-365-power-platform-im-bereich-qs-lichtenfels-267078,2026-10-10,
an:werkstudent-mit-schwerpunkt-konstruktiver-ingenieurbau-797-hannover-17217,2026-10-10,
an:werkstudent-mit-schwerpunkt-verkehrsanlagenplanung-strasse-schiene-798-dusseldorf-4530,2026-10-10,
an:werkstudent-mobile-developer-munich-334539,2026-10-10,
an:werkstudent-motion-design-frankfurt-am-main-362021,2026-10-10,
an:werkstudent-nachhaltiges-bauen-hamburg-25347,2026-10-10,
an:werkstudent-oder-minijob-im-kundensupport-im-healthcare-bereich-hamburg-224478,2026-10-10,
an:werkstudent-oder-pflicht-praktikant-startup-grossbatteriespeicher-projektentwicklung-operations-munich-175370,2026-10-10,
an:werkstudent-office-management-all-genders-berlin-241307,2026-10-10,
an:werkstudent-onboarding-customer-success-berlin-281358,2026-10-10,
an:werkstudent-online-marketing-fulfillment-mainz-88408,2026-10-10,
an:werkstudent-online-marketing-medtech-in-koln-cologne-127171,2026-10-10,
an:werkstudent-online-marketing-munich-341920,2026-10-10,
an:werkstudent-online-marketing-seo-geo-google-ads-erfurt-375807,2026-10-10,
an:werkstudent-online-performance-marketing-kijimea-grafelfing-296535,2026-10-10,
an:werkstudent-online-redakteurin-content-writer-munster-455564,2026-10-10,
an:werkstudent-operations-ordermanagement-rollout-service-delivery-bis-zu-20-stunden-woche-dusseldorf-45582,2026-10-10,
an:werkstudent-paid-social-munich-336445,2026-10-10,
an:werkstudent-people-operations-hamburg-69867,2026-10-10,
an:werkstudent-performance-marketing-berlin-433563,2026-10-10,
an:werkstudent-performance-marketing-e-commerce-operations-kunzell-383153,2026-10-10,
an:werkstudent-personalentwicklung-bzw-learning-development-koln-421734,2026-10-10,
an:werkstudent-pflichtpraktikant-grafikdesign-marketing-hanover-137964,2026-10-10,
an:werkstudent-pflichtpraktikum-finance-controlling-berlin-143552,2026-10-10,
an:werkstudent-pmo-hamburg-262740,2026-10-10,
an:werkstudent-pr-beratung-cologne-164258,2026-10-10,
an:werkstudent-pr-marketing-berlin-253631,2026-10-10,
an:werkstudent-praktikant-fur-brand-social-media-berlin-210800,2026-10-10,
an:werkstudent-praktikant-grafik-design-berlin-164901,2026-10-10,
an:werkstudent-praktikant-im-bereich-embedded-produktion-leiterplattenfertigung-oder-data-science-offenburg-191929,2026-10-10,
an:werkstudent-praktikant-im-bereich-it-am-standort-karlsruhe-191991,2026-10-10,
an:werkstudent-praktikant-im-it-bereich-magdeburg-348435,2026-10-10,
an:werkstudent-praktikant-in-digitalisierung-projektmanagement-kaufmannischer-bereich-aichach-401210,2026-10-10,
an:werkstudent-praktikant-social-media-content-creation-hessisch-lichtenau-344078,2026-10-10,
an:werkstudent-praktikum-finanzwesen-controlling-stuttgart-482337,2026-10-10,
an:werkstudent-praktikum-social-media-content-creator-short-videos-hamburg-299467,2026-10-10,
an:werkstudent-presentation-design-content-munchen-410198,2026-10-10,
an:werkstudent-product-design-berlin-caroline-michaelis-str-5-11-10115-186332,2026-10-10,
an:werkstudent-product-owner-fur-softwareprojekte-bochum-176374,2026-10-10,
an:werkstudent-produktentwicklung-munster-435230,2026-10-10,
an:werkstudent-produktmanagement-grafelfing-408188,2026-10-10,
an:werkstudent-produktmanagement-munchen-393974,2026-10-10,
an:werkstudent-produktmanagement-munster-168104,2026-10-10,
an:werkstudent-produktmanagement-techagentur-berlin-452957,2026-10-10,
an:werkstudent-projektmanagement-finance-einkauf-vertrieb-berlin-360997,2026-10-10,
an:werkstudent-projektmanagement-fur-industrieprojekte-munchen-77553,2026-10-10,
an:werkstudent-projektmanagerin-mommenheim-19575,2026-10-10,
an:werkstudent-prozessmanagement-technischer-service-hamburg-339673,2026-10-10,
an:werkstudent-quality-assurance-medizinalcannabis-koln-62082,2026-10-10,
an:werkstudent-real-estate-investment-transactions-oberursel-106346,2026-10-10,
an:werkstudent-recherche-skript-fur-youtube-dokus-munich-416944,2026-10-10,
an:werkstudent-recruiting-all-genders-berlin-67829,2026-10-10,
an:werkstudent-recruiting-hamburg-192177,2026-10-10,
an:werkstudent-recruiting-hr-erlangen-290827,2026-10-10,
an:werkstudent-reservations-munich-44410,2026-10-10,
an:werkstudent-retail-media-marketplace-munich-217824,2026-10-10,
an:werkstudent-sales-100-remote-hanover-431921,2026-10-10,
an:werkstudent-sales-20h-woche-wesel-261553,2026-10-10,
an:werkstudent-sales-development-representative-berlin-286907,2026-10-10,
an:werkstudent-sales-marketing-frankfurt-am-main-122664,2026-10-10,
an:werkstudent-sales-marketing-frankfurt-am-main-272730,2026-10-10,
an:werkstudent-schulungskonzepte-erneuerbare-energien-koln-zentrale-25619,2026-10-10,
an:werkstudent-schwachstellenmanagement-von-der-sbom-zur-entscheidung-lippstadt-140479,2026-10-10,
an:werkstudent-shopify-e-commerce-stuttgart-460241,2026-10-10,
an:werkstudent-social-media-content-creation-wurzburg-95742,2026-10-10,
an:werkstudent-social-media-content-marketing-berlin-193326,2026-10-10,
an:werkstudent-social-media-design-heilbronn-237061,2026-10-10,
an:werkstudent-social-media-marketing-bad-salzungen-333717,2026-10-10,
an:werkstudent-social-media-marketing-content-management-fur-wirtschafts-und-finanzbildung-flossbach-von-storch-stiftung-koln-274561,2026-10-10,
an:werkstudent-social-media-munich-160670,2026-10-10,
an:werkstudent-social-media-politische-kommunikation-berlin-148093,2026-10-10,
an:werkstudent-social-media-und-content-munich-483889,2026-10-10,
an:werkstudent-social-media-und-content-mwd-fulda-156461,2026-10-10,
an:werkstudent-software-development-ai-full-stack-mannheim-479700,2026-10-10,
an:werkstudent-software-development-frontend-essen-240593,2026-10-10,
an:werkstudent-software-engineering-all-genders-de-darmstadt-428606,2026-10-10,
an:werkstudent-software-entwicklung-fur-komplexe-systeme-karlsruhe-116676,2026-10-10,
an:werkstudent-softwareentwickler-vuejs-aachen-480888,2026-10-10,
an:werkstudent-softwareentwicklung-aachen-232965,2026-10-10,
an:werkstudent-softwareentwicklung-c-wpf-passau-322417,2026-10-10,
an:werkstudent-softwareentwicklung-smart-factory-pliezhausen-323826,2026-10-10,
an:werkstudent-softwareentwicklung-wurzburg-178085,2026-10-10,
an:werkstudent-softwaretester-quality-assurance-truckscout24-essen-195016,2026-10-10,
an:werkstudent-softwaretesting-und-test-automatisierung-all-genders-karlsruhe-161828,2026-10-10,
an:werkstudent-studentische-hilfskraft-umweltingenieur-bauingenieur-marburg-456586,2026-10-10,
an:werkstudent-support-fur-kinokassensystem-kino-ticket-software-munich-397326,2026-10-10,
an:werkstudent-sustainability-nachhaltigkeit-esg-germany-hamburg-67017,2026-10-10,
an:werkstudent-talent-acquisition-munchen-367444,2026-10-10,
an:werkstudent-technisches-management-gas-und-wasserstoffnetze-berlin-136878,2026-10-10,
an:werkstudent-technisches-marketing-automation-karlsruhe-400185,2026-10-10,
an:werkstudent-tegtmeier-inkubator-gmbh-hamburg-465944,2026-10-10,
an:werkstudent-teilzeit-social-media-content-creation-berlin-265154,2026-10-10,
an:werkstudent-unternehmenskommunikation-marktforschung-all-people-leipzig-254578,2026-10-10,
an:werkstudent-ux-design-regensburg-126103,2026-10-10,
an:werkstudent-verschiedene-standorte-deutschlandweit-eschborn-162327,2026-10-10,
an:werkstudent-vertrieb-und-business-development-koln-254768,2026-10-10,
an:werkstudent-verwaltungsinformatik-digitale-verwaltungsprozesse-berlin-deutschland-hybrid-192869,2026-10-10,
an:werkstudent-vibe-coding-ai-prototyping-hamburg-133198,2026-10-10,
an:werkstudent-video-editor-cutter-social-media-munster-191359,2026-10-10,
an:werkstudent-web-development-berlin-437555,2026-10-10,
an:werkstudent-web-development-design-leipzig-215816,2026-10-10,
an:werkstudent-web-entwickler-regensburg-363925,2026-10-10,
an:werkstudent-web-entwicklung-munich-246105,2026-10-10,
an:werkstudent-webdesign-marketing-dortmund-400753,2026-10-10,
an:werkstudenten-berlin-tegel-173676,2026-10-10,
an:werkstudenten-job-in-hamburger-start-up-social-media-creative-marketing-229607,2026-10-10,
an:werkstudenten-mathematik-oder-physik-tech-startup-hanover-354529,2026-10-10,
an:werkstudenten-social-media-berlin-362452,2026-10-10,
an:werkstudentenstelle-technische-kundenbetreuung-it-support-berlin-408207,2026-10-10,
an:werkstudentin-ai-automation-munchen-headquarter-489232,2026-10-10,
an:werkstudentin-als-founders-associate-heidelberg-393068,2026-10-10,
an:werkstudentin-anlagenbau-cologne-440433,2026-10-10,
an:werkstudentin-art-direction-berlin-schlesische-strasse-26-60716,2026-10-10,
an:werkstudentin-bei-flyagain-deutschlands-grosser-rundflugplattform-magdeburg-460482,2026-10-10,
an:werkstudentin-booking-managerin-berlin-47630,2026-10-10,
an:werkstudentin-business-continuity-krisenmanagement-karlsruhe-490339,2026-10-10,
an:werkstudentin-business-development-all-genders-hybrid-berlin-359548,2026-10-10,
an:werkstudentin-business-development-b2b-vertrieb-1komma5-commercial-hamburg-399096,2026-10-10,
an:werkstudentin-cloud-devops-engineer-azure-freiburg-im-breisgau-336167,2026-10-10,
an:werkstudentin-community-management-cologne-316465,2026-10-10,
an:werkstudentin-community-management-hamburg-247693,2026-10-10,
an:werkstudentin-community-management-hamburg-473653,2026-10-10,
an:werkstudentin-content-berlin-218130,2026-10-10,
an:werkstudentin-controlling-bis-zu-20-stunden-pro-woche-berlin-181205,2026-10-10,
an:werkstudentin-copywriting-kommunikation-berlin-145429,2026-10-10,
an:werkstudentin-creator-marketing-ugc-client-services-cologne-70590,2026-10-10,
an:werkstudentin-crew-recruiting-hamburg-87121,2026-10-10,
an:werkstudentin-customer-success-karlsruhe-287521,2026-10-10,
an:werkstudentin-data-analytics-controlling-focus-hamburg-23182,2026-10-10,
an:werkstudentin-data-analytics-mainz-oder-berlin-484250,2026-10-10,
an:werkstudentin-data-science-ki-munster-276118,2026-10-10,
an:werkstudentin-dataset-creator-karlsruhe-39164,2026-10-10,
an:werkstudentin-digital-growth-online-marketing-hamburg-394568,2026-10-10,
an:werkstudentin-digital-learning-fur-die-erstellung-von-digitalen-lernprodukten-heidelberg-473566,2026-10-10,
an:werkstudentin-digital-marketing-und-shopify-mannheim-465669,2026-10-10,
an:werkstudentin-digitales-produktmanagement-hamburg-357450,2026-10-10,
an:werkstudentin-erforschung-ki-anwendungen-dortmund-120584,2026-10-10,
an:werkstudentin-fe-high-tech-kompressor-startup-stuttgart-168457,2026-10-10,
an:werkstudentin-finance-aachen-378017,2026-10-10,
an:werkstudentin-finance-accounting-controlling-berlin-306316,2026-10-10,
an:werkstudentin-finance-controlling-und-digitale-prozesse-walldorf-337077,2026-10-10,
an:werkstudentin-finance-projects-systems-dusseldorf-136145,2026-10-10,
an:werkstudentin-fitter-fur-das-hio-headquarter-in-munchen-all-genders-welcome-375555,2026-10-10,
an:werkstudentin-founders-associate-internal-projects-strategy-berlin-443356,2026-10-10,
an:werkstudentin-freelancerin-social-media-video-editing-aachen-468528,2026-10-10,
an:werkstudentin-full-stack-development-typescript-react-grunwald-180413,2026-10-10,
an:werkstudentin-fullstack-developer-erp-prozessautomatisierung-karlsruhe-309267,2026-10-10,
an:werkstudentin-fur-das-tigermedia-support-team-hamburg-221616,2026-10-10,
an:werkstudentin-fur-den-bereich-maschinenbau-3d-druck-formenbau-cologne-98483,2026-10-10,
an:werkstudentin-fur-social-media-marketing-kiel-184319,2026-10-10,
an:werkstudentin-fur-studien-projektkoordination-berlin-fasanenstrasse-140462,2026-10-10,
an:werkstudentin-generative-engine-optimization-geo-data-backend-vor-ort-hybrid-cologne-324217,2026-10-10,
an:werkstudentin-graphic-design-hamburg-427420,2026-10-10,
an:werkstudentin-growth-marketing-berlin-486387,2026-10-10,
an:werkstudentin-hamburg-informatik-wi-informatik-onboarding-und-support-digitaler-systeme-in-der-gastronomie-101884,2026-10-10,
an:werkstudentin-hr-business-development-munster-24617,2026-10-10,
an:werkstudentin-hr-ki-operations-koln-411940,2026-10-10,
an:werkstudentin-hr-people-culture-karlsruhe-355169,2026-10-10,
an:werkstudentin-human-resources-1komma5-dusseldorf-294754,2026-10-10,
an:werkstudentin-human-ressources-berlin-419602,2026-10-10,
an:werkstudentin-im-bereich-business-development-berlin-128902,2026-10-10,
an:werkstudentin-im-bereich-e-commerce-marketplace-rostock-366445,2026-10-10,
an:werkstudentin-im-bereich-grafikdesign-fur-produkt-content-und-marketing-stuttgart-107217,2026-10-10,
an:werkstudentin-im-bereich-klimaanpassung-freiburg-im-breisgau-383947,2026-10-10,
an:werkstudentin-im-bereich-marketing-kommunikation-social-media-content-creator-design-berlin-303386,2026-10-10,
an:werkstudentin-im-bereich-produktcompliance-sicherheit-bei-easyce-karlsbad-57450,2026-10-10,
an:werkstudentin-im-bereich-transfer-fur-das-projekt-soofi-sovereign-open-source-foundation-models-im-ki-bundesverband-hurth-284728,2026-10-10,
an:werkstudentin-im-bereich-wirtschaftsinformatik-stuttgart-433244,2026-10-10,
an:werkstudentin-im-business-development-key-accounting-walldorf-23090,2026-10-10,
an:werkstudentin-im-content-marketing-bei-contracthero-berlin-143779,2026-10-10,
an:werkstudentin-im-headhunting-berlin-87944,2026-10-10,
an:werkstudentin-im-influencer-marketing-dortmund-135014,2026-10-10,
an:werkstudentin-im-marketing-bei-ogaenics-gesucht-hamburg-246669,2026-10-10,
an:werkstudentin-im-paid-social-dortmund-19798,2026-10-10,
an:werkstudentin-im-projektmanagement-munchen-209420,2026-10-10,
an:werkstudentin-im-team-energy-projects-freiburg-im-breisgau-476382,2026-10-10,
an:werkstudentin-im-team-engineerung-technology-freiburg-im-breisgau-78947,2026-10-10,
an:werkstudentin-in-sap-berechtigungen-gesucht-osnabruck-219136,2026-10-10,
an:werkstudentin-in-unternehmensberatung-wuppertal-394761,2026-10-10,
an:werkstudentin-influencer-marketing-munich-295752,2026-10-10,
an:werkstudentin-it-ai-m-w-d-8-16-std-woche-munich-235471,2026-10-10,
an:werkstudentin-it-enterprise-architecture-system-landscape-leipzig-421523,2026-10-10,
an:werkstudentin-it-rpa-automation-im-ki-umfeld-hamburg-334919,2026-10-10,
an:werkstudentin-it-workplace-management-deployment-leipzig-12448,2026-10-10,
an:werkstudentin-ki-spezialistin-teilzeit-kerpen-221278,2026-10-10,
an:werkstudentin-ki-video-social-ads-editor-hamburg-86252,2026-10-10,
an:werkstudentin-klimafreundliche-schifffahrt-und-hafen-berlin-fasanenstrasse-408525,2026-10-10,
an:werkstudentin-kommunikation-marketing-munich-247617,2026-10-10,
an:werkstudentin-krankenhausberatung-controlling-cologne-387941,2026-10-10,
an:werkstudentin-kundenservice-100-homeoffice-grafschaft-397791,2026-10-10,
an:werkstudentin-kundensupport-social-media-grafelfing-124086,2026-10-10,
an:werkstudentin-lead-generation-hamburg-133242,2026-10-10,
an:werkstudentin-markenbotschafterin-schweinfurt-236772,2026-10-10,
an:werkstudentin-market-research-data-insights-hamburg-343984,2026-10-10,
an:werkstudentin-marketing-content-hamburg-315329,2026-10-10,
an:werkstudentin-marketing-kommunikation-standort-berlin-hybrid-310703,2026-10-10,
an:werkstudentin-marketing-munich-213112,2026-10-10,
an:werkstudentin-marketing-munster-42830,2026-10-10,
an:werkstudentin-marketing-paid-ads-creatives-grunwald-358048,2026-10-10,
an:werkstudentin-marketing-social-media-linkedin-essen-497821,2026-10-10,
an:werkstudentin-marketing-und-social-media-munich-336739,2026-10-10,
an:werkstudentin-media-produktion-set-assistant-frankfurt-am-main-119911,2026-10-10,
an:werkstudentin-motion-design-konstanz-157237,2026-10-10,
an:werkstudentin-online-marketing-stuttgart-33765,2026-10-10,
an:werkstudentin-operations-berlin-236758,2026-10-10,
an:werkstudentin-operations-customer-experience-munchen-40949,2026-10-10,
an:werkstudentin-partnermanagement-all-genders-berlin-123258,2026-10-10,
an:werkstudentin-partnership-sales-im-betrieblichen-gesundheitsmanagement-hamburg-312959,2026-10-10,
an:werkstudentin-people-culture-schwerpunkt-recruiting-dusseldorf-458355,2026-10-10,
an:werkstudentin-performance-marketing-fur-google-und-microsoft-ads-hamburg-491447,2026-10-10,
an:werkstudentin-performance-marketing-gehrden-356165,2026-10-10,
an:werkstudentin-performance-marketing-meta-ads-all-genders-hamburg-194278,2026-10-10,
an:werkstudentin-personalmanagement-hamburg-265531,2026-10-10,
an:werkstudentin-policy-regulatory-affairs-berlin-284557,2026-10-10,
an:werkstudentin-praktikantin-marketing-growth-kassel-347124,2026-10-10,
an:werkstudentin-praktikantin-produktmanagement-im-kolner-startup-cologne-243782,2026-10-10,
an:werkstudentin-praktikantin-social-media-content-creation-rodental-437012,2026-10-10,
an:werkstudentin-praktikantin-software-development-rodental-23771,2026-10-10,
an:werkstudentin-process-operations-energy-berlin-237967,2026-10-10,
an:werkstudentin-produkt-praxis-digitalisierung-karlsruhe-319386,2026-10-10,
an:werkstudentin-produkt-qualitatssicherung-koln-365026,2026-10-10,
an:werkstudentin-produktfotografie-content-creation-dusseldorf-199287,2026-10-10,
an:werkstudentin-projekt-managerin-ki-startup-koln-remote-cologne-104162,2026-10-10,
an:werkstudentin-projektarbeit-produktentwicklung-darmstadt-242471,2026-10-10,
an:werkstudentin-projektmanagement-nuremberg-179799,2026-10-10,
an:werkstudentin-public-sector-consulting-remote-mainz-395266,2026-10-10,
an:werkstudentin-quality-control-analyst-warmepumpe-berlin-496419,2026-10-10,
an:werkstudentin-quereinstieg-kosmetikerin-waxing-brows-dusseldorf-9223,2026-10-10,
an:werkstudentin-real-estate-operations-heidelberg-342997,2026-10-10,
an:werkstudentin-sales-unterstutzung-der-geschaftsleitung-hamburg-310225,2026-10-10,
an:werkstudentin-service-robotik-technischer-service-meinerzhagen-262410,2026-10-10,
an:werkstudentin-social-media-cologne-110040,2026-10-10,
an:werkstudentin-social-media-content-berlin-245094,2026-10-10,
an:werkstudentin-social-media-content-marketing-bochum-376851,2026-10-10,
an:werkstudentin-social-media-kooperationen-berlin-208293,2026-10-10,
an:werkstudentin-social-media-management-berlin-schlesische-strasse-26-154814,2026-10-10,
an:werkstudentin-social-media-marketing-berlin-oder-mainz-86923,2026-10-10,
an:werkstudentin-social-media-marketing-bremen-309868,2026-10-10,
an:werkstudentin-social-media-marketing-heilbronn-365932,2026-10-10,
an:werkstudentin-social-media-marketing-munich-330447,2026-10-10,
an:werkstudentin-social-media-video-content-berlin-berlin-321372,2026-10-10,
an:werkstudentin-social-media-werbung-content-creation-all-genders-berlin-95943,2026-10-10,
an:werkstudentin-software-engineering-augsburg-115778,2026-10-10,
an:werkstudentin-softwareentwicklung-bei-ki-startup-cologne-464933,2026-10-10,
an:werkstudentin-softwaretest-nuremberg-403113,2026-10-10,
an:werkstudentin-support-financial-consulting-frankfurt-am-main-387404,2026-10-10,
an:werkstudentin-support-financial-consulting-freiburg-im-breisgau-301177,2026-10-10,
an:werkstudentin-support-financial-consulting-heidelberg-136330,2026-10-10,
an:werkstudentin-talent-acquisition-berlin-341739,2026-10-10,
an:werkstudentin-technische-aufnahme-fur-photovoltaik-energiesysteme-1komma5-berlin-192743,2026-10-10,
an:werkstudentin-technische-systemplanung-tga-planung-weilheim-an-der-teck-348813,2026-10-10,
an:werkstudentin-telesales-frankfurt-am-main-410042,2026-10-10,
an:werkstudentin-ui-ux-design-berlin-273014,2026-10-10,
an:werkstudentin-video-social-media-all-genders-welcome-bielefeld-6303,2026-10-10,
an:werkstudentin-visual-design-koln-365205,2026-10-10,
an:werkstudentin-web-cms-migration-wmd-munich-323862,2026-10-10,
an:werkstudentin-webdeveloperin-in-prasenz-niederkassel-122875,2026-10-10,
an:werkstudentin-webentwicklung-in-dortmund-keine-uberstunden-330210,2026-10-10,
an:werkstudentin-website-webdesign-marketing-tech-munich-196042,2026-10-10,
an:werkstudentin-wholesale-16h-20h-woche-berlin-31750,2026-10-10,
an:werkstudierende-oder-werkstudierender-grafik-oder-kommunikationsdesign-fur-20-wochenstunden-hamburg-84246,2026-10-10,
an:werkstundentin-marketing-viernheim-214852,2026-10-10,
an:working-student-ai-product-designer-berlin-58805,2026-10-10,
an:working-student-ai-product-engineering-data-munich-123540,2026-10-10,
an:working-student-all-genders-talent-development-augsburg-247838,2026-10-10,
an:working-student-analytics-engineering-berlin-zentrale-468443,2026-10-10,
an:working-student-assistant-seedings-events-cologne-370096,2026-10-10,
an:working-student-business-operations-koln-271977,2026-10-10,
an:working-student-community-user-generated-content-operations-berlin-485653,2026-10-10,
an:working-student-control-system-support-darmstadt-55664,2026-10-10,
an:working-student-corporate-and-business-development-frankfurt-am-main-255183,2026-10-10,
an:working-student-corporate-and-business-development-hamburg-16339,2026-10-10,
an:working-student-creator-marketing-all-genders-welcome-munchen-417365,2026-10-10,
an:working-student-crm-data-operations-all-gender-berlin-429515,2026-10-10,
an:working-student-customer-service-support-munchen-197060,2026-10-10,
an:working-student-customer-success-alternatively-mandatory-internship-munich-hq-350437,2026-10-10,
an:working-student-customer-success-germering-germany-276379,2026-10-10,
an:working-student-data-financial-research-ecommerce-hamburg-185194,2026-10-10,
an:working-student-deposit-integration-operations-berlin-berlin-417511,2026-10-10,
an:working-student-designer-design-system-heartbeat-ai-berlin-383802,2026-10-10,
an:working-student-electronics-engineering-gilching-259084,2026-10-10,
an:working-student-embedded-software-all-genders-munich-442806,2026-10-10,
an:working-student-executive-talent-sourcing-berlin-139972,2026-10-10,
an:working-student-field-event-marketing-munchen-138751,2026-10-10,
an:working-student-finance-all-genders-deutschland-berlin-450970,2026-10-10,
an:working-student-finance-frankfurt-am-main-75994,2026-10-10,
an:working-student-for-planning-procurement-munchen-264787,2026-10-10,
an:working-student-for-warehouse-logistics-munchen-300998,2026-10-10,
an:working-student-freight-forwarding-hamburg-office-138495,2026-10-10,
an:working-student-germany-146481,2026-10-10,
an:working-student-global-licensing-dach-all-genders-dusseldorf-120589,2026-10-10,
an:working-student-gn-purchasing-germany-production-plant-fulda-214984,2026-10-10,
an:working-student-healthcare-sales-heidelberg-87873,2026-10-10,
an:working-student-hr-finance-koln-271620,2026-10-10,
an:working-student-in-building-energy-software-development-freiburg-im-breisgau-243409,2026-10-10,
an:working-student-indexing-platform-berlin-185017,2026-10-10,
an:working-student-information-security-munich-287432,2026-10-10,
an:working-student-intern-offensive-security-engineer-red-team-appsec-cologne-335470,2026-10-10,
an:working-student-intern-process-sustainability-engineering-karlsruhe-388352,2026-10-10,
an:working-student-international-energy-advisory-frankfurt-am-main-392443,2026-10-10,
an:working-student-invoice-checking-hamburg-307248,2026-10-10,
an:working-student-laser-pmo-darmstadt-60752,2026-10-10,
an:working-student-legal-compliance-germering-germany-314849,2026-10-10,
an:working-student-maintenance-development-office-dortmund-243973,2026-10-10,
an:working-student-marketing-berlin-10210,2026-10-10,
an:working-student-marketing-berlin-68481,2026-10-10,
an:working-student-marketing-content-creation-berlin-385760,2026-10-10,
an:working-student-marketing-growth-operations-all-genders-berlin-97096,2026-10-10,
an:working-student-munich-germany-488083,2026-10-10,
an:working-student-office-management-operations-all-genders-munich-249742,2026-10-10,
an:working-student-online-marketing-coordination-berlin-159404,2026-10-10,
an:working-student-people-operations-garching-bei-munchen-germany-97822,2026-10-10,
an:working-student-people-projects-garching-bei-munchen-germany-80127,2026-10-10,
an:working-student-privacy-engineering-compliance-automation-munich-208965,2026-10-10,
an:working-student-product-engineering-ruby-on-rails-for-auction-platform-kickdown-all-genders-hamburg-460221,2026-10-10,
an:working-student-product-management-energy-products-tariffs-berlin-323094,2026-10-10,
an:working-student-product-qa-freecash-berlin-11442,2026-10-10,
an:working-student-quantitative-development-berlin-386091,2026-10-10,
an:working-student-sales-operations-frankfurt-am-main-39527,2026-10-10,
an:working-student-sales-operations-ottobrunn-bavaria-134772,2026-10-10,
an:working-student-social-media-content-cologne-234391,2026-10-10,
an:working-student-social-media-content-ottobrunn-481945,2026-10-10,
an:working-student-software-engineer-potsdam-436123,2026-10-10,
an:working-student-software-engineer-security-startup-bochum-132194,2026-10-10,
an:working-student-talent-growth-hamburg-483107,2026-10-10,
an:working-student-tech-digital-analytics-all-genders-hamburg-97457,2026-10-10,
an:working-student-technical-asset-management-berlin-170672,2026-10-10,
an:working-student-visual-design-communication-designgn-starting-at-12h-per-week-hybrid-munich-munchen-228326,2026-10-10,
an:youtube-influencer-marketing-manager-werkstudent-hamburg-56471,2026-10-10,
